Field1,site,X,Y,habitat,GRID_ID,Albers_X,Albers_Y,Sample,stabb
1,1,-1202852.861000000033528,621106.360299999942072,0.678176631000000,10613,-1202852.861000000033528,2227892.620999999810010,No,WY
2,2,-1200147.023999999975786,635860.290099999983795,0.833087757000000,10737,-1200147.023999999975786,2242646.550999999977648,Yes,WY
3,3,-1185393.094000000040978,633154.452900000032969,0.414217589000000,10738,-1185393.094000000040978,2239940.712999999988824,No,WY
4,4,-1197441.186999999918044,650614.219900000025518,0.949430873000000,10861,-1197441.186999999918044,2257400.481000000145286,No,WY
5,5,-1182687.256999999983236,647908.382699999958277,0.709260479000000,10862,-1182687.256999999983236,2254694.643000000156462,No,WY
6,6,-1209489.279000000096858,668073.986999999964610,0.362877954000000,10984,-1209489.279000000096858,2274860.248000000137836,No,WY
7,7,-1194735.350000000093132,665368.149699999950826,0.967434358000000,10985,-1194735.350000000093132,2272154.410000000149012,No,WY
8,8,-1179981.419999999925494,662662.312500000000000,0.573392461000000,10986,-1179981.419999999925494,2269448.572999999858439,No,WY
9,9,-1061949.980999999912456,641015.614700000034645,0.553905410000000,10994,-1061949.980999999912456,2247801.875000000000000,No,WY
10,10,-1047196.050999999977648,638309.777400000020862,0.788805060000000,10995,-1047196.050999999977648,2245096.038000000175089,No,WY
11,11,-1192029.512000000104308,680122.079499999992549,0.770996332000000,11109,-1192029.512000000104308,2286908.339999999850988,No,WY
12,12,-1177275.581999999936670,677416.242300000041723,0.623942616000000,11110,-1177275.581999999936670,2284202.503000000026077,Yes,WY
13,13,-1088752.003999999957159,661181.218899999978021,0.484816880000000,11116,-1088752.003999999957159,2267967.479999999981374,Yes,WY
14,14,-1073998.074000000022352,658475.381700000027195,0.994452301000000,11117,-1073998.074000000022352,2265261.641999999992549,No,WY
15,15,-1059244.144000000087544,655769.544499999959953,0.996773442000000,11118,-1059244.144000000087544,2262555.805000000167638,No,WY
16,16,-1044490.214000000036322,653063.707300000009127,0.488915475000000,11119,-1044490.214000000036322,2259849.967999999877065,Yes,WY
17,17,-1204077.604999999981374,697581.846600000048056,0.433501636000000,11232,-1204077.604999999981374,2304368.106999999843538,No,WY
18,18,-1189323.675000000046566,694876.009399999980815,0.543996841000000,11233,-1189323.675000000046566,2301662.270000000018626,Yes,WY
19,19,-1174569.745000000111759,692170.172099999967031,0.656013993000000,11234,-1174569.745000000111759,2298956.433000000193715,No,WY
20,20,-1100800.095999999903142,678640.986000000033528,0.354602675000000,11239,-1100800.095999999903142,2285427.246999999973923,No,WY
21,21,-1086046.165999999968335,675935.148799999966286,0.998464813000000,11240,-1086046.165999999968335,2282721.408999999985099,No,WY
22,22,-1071292.236999999964610,673229.311499999952503,0.999983134000000,11241,-1071292.236999999964610,2280015.572000000160187,Yes,WY
23,23,-1056538.307000000029802,670523.474300000001676,0.826476032000000,11242,-1056538.307000000029802,2277309.734999999869615,No,WY
24,24,-1201371.767999999923632,712335.776399999973364,0.513005477000000,11356,-1201371.767999999923632,2319122.037000000011176,No,WY
25,25,-1186617.837999999988824,709629.939200000022538,0.480044721000000,11357,-1186617.837999999988824,2316416.200000000186265,Yes,WY
26,26,-1171863.908000000054017,706924.101900000008754,0.791492925000000,11358,-1171863.908000000054017,2313710.362999999895692,No,WY
27,27,-1112848.189000000013039,696100.753000000026077,0.387736301000000,11362,-1112848.189000000013039,2302887.013999999966472,No,WY
28,28,-1098094.259000000078231,693394.915799999958836,0.980268023000000,11363,-1098094.259000000078231,2300181.175999999977648,No,WY
29,29,-1083340.328999999910593,690689.078600000008009,1.000000000000000,11364,-1083340.328999999910593,2297475.339000000152737,No,WY
30,30,-1068586.398999999975786,687983.241299999994226,0.779980355000000,11365,-1068586.398999999975786,2294769.501999999862164,Yes,WY
31,31,-1183912.000999999931082,724383.868999999947846,0.409103573000000,11481,-1183912.000999999931082,2331170.129999999888241,Yes,WY
32,32,-1169158.070999999996275,721678.031799999997020,0.363452984000000,11482,-1169158.070999999996275,2328464.291999999899417,Yes,WY
33,33,-1124896.280999999959022,713560.520099999965169,0.416810311000000,11485,-1124896.280999999959022,2320346.780999999959022,No,WY
34,34,-1110142.351999999955297,710854.682799999951385,0.994538424000000,11486,-1110142.351000000024214,2317640.942999999970198,No,WY
35,35,-1095388.422000000020489,708148.845600000000559,0.999417182000000,11487,-1095388.422000000020489,2314935.106000000145286,No,WY
36,36,-1080634.492000000085682,705443.008400000049733,0.874036389000000,11488,-1080634.492000000085682,2312229.268999999854714,No,WY
37,37,-1065880.561999999918044,702737.171100000035949,0.397038036000000,11489,-1065880.561999999918044,2309523.432000000029802,No,WY
38,38,-1210714.023000000044703,744549.473299999954179,0.445203353000000,11603,-1210714.023000000044703,2351335.734000000171363,No,ID
39,39,-1195960.093000000109896,741843.636000000056811,0.495247979000000,11604,-1195960.093000000109896,2348629.896999999880791,Yes,WY
40,40,-1151698.304000000003725,733726.124300000024959,0.447528661000000,11607,-1151698.304000000003725,2340512.384999999776483,No,WY
41,41,-1136944.374000000068918,731020.287099999957718,0.883429174000000,11608,-1136944.374000000068918,2337806.547999999951571,No,WY
42,42,-1122190.443999999901280,728314.449900000006892,0.722808399000000,11609,-1122190.443999999901280,2335100.709999999962747,No,WY
43,43,-1107436.513999999966472,725608.612599999993108,0.857848098000000,11610,-1107436.513999999966472,2332394.873000000137836,Yes,WY
44,44,-1092682.584000000031665,722902.775400000042282,0.956486702000000,11611,-1092682.584000000031665,2329689.035999999847263,No,WY
45,45,-1077928.655000000027940,720196.938199999975041,0.451263354000000,11612,-1077928.655000000027940,2326983.199000000022352,Yes,WY
46,46,-1208008.185999999986961,759303.403099999995902,0.811195901000000,11727,-1208008.185999999986961,2366089.663999999873340,No,ID
47,47,-1178500.325999999884516,753891.728600000031292,0.300625453000000,11729,-1178500.325999999884516,2360677.989000000059605,No,WY
48,48,-1163746.395999999949709,751185.891399999964051,0.949526373000000,11730,-1163746.395999999949709,2357972.151999999769032,No,WY
49,49,-1148992.466999999945983,748480.054099999950267,0.984636111000000,11731,-1148992.466000000014901,2355266.314999999944121,Yes,WY
50,50,-1134238.537000000011176,745774.216899999999441,0.741714761000000,11732,-1134238.537000000011176,2352560.476999999955297,No,WY
51,51,-1119484.607000000076368,743068.379700000048615,0.683110893000000,11733,-1119484.607000000076368,2349854.640000000130385,Yes,WY
52,52,-1104730.676999999908730,740362.542499999981374,0.982722856000000,11734,-1104730.676999999908730,2347148.802999999839813,No,WY
53,53,-1089976.746999999973923,737656.705199999967590,0.512177853000000,11735,-1089976.746999999973923,2344442.966000000014901,No,WY
54,54,-1515134.875000000000000,830879.914699999964796,0.462644075000000,11830,-1515134.875000000000000,2437666.174999999813735,No,ID
55,55,-1485627.014999999897555,825468.240200000000186,0.518146381000000,11832,-1485627.014999999897555,2432254.501000000163913,No,ID
56,56,-1205302.348999999929219,774057.332900000037625,0.526679806000000,11851,-1205302.348999999929219,2380843.592999999877065,No,ID
57,57,-1161040.558999999891967,765939.821200000005774,0.684581294000000,11854,-1161040.558999999891967,2372726.081999999936670,No,WY
58,58,-1146286.628999999957159,763233.984000000054948,0.241484545000000,11855,-1146286.628999999957159,2370020.245000000111759,Yes,WY
59,59,-1131532.699000000022352,760528.146700000041164,0.355868648000000,11856,-1131532.699000000022352,2367314.407000000122935,No,WY
60,60,-1116778.770000000018626,757822.309499999973923,0.896220297000000,11857,-1116778.770000000018626,2364608.569999999832362,No,WY
61,61,-1527182.966999999945983,848339.681699999957345,0.457451473000000,11953,-1527182.966999999945983,2455125.941999999806285,No,ID
62,62,-1512429.037000000011176,845633.844500000006519,0.684196454000000,11954,-1512429.037000000011176,2452420.104999999981374,Yes,ID
63,63,-1497675.108000000007451,842928.007300000055693,0.647200799000000,11955,-1497675.108000000007451,2449714.268000000156462,No,ID
64,64,-1482921.178000000072643,840222.170099999988452,0.818473972000000,11956,-1482921.178000000072643,2447008.430999999865890,Yes,ID
65,65,-1453413.317999999970198,834810.495600000023842,0.390234316000000,11958,-1453413.317999999970198,2441596.756000000052154,Yes,ID
66,66,-1438659.388000000035390,832104.658399999956600,0.908596349000000,11959,-1438659.388000000035390,2438890.919000000227243,No,ID
67,67,-1423905.458000000100583,829398.821099999942817,0.912773315000000,11960,-1423905.458000000100583,2436185.081999999936670,No,ID
68,68,-1187842.581000000005588,786105.425500000012107,0.874911486000000,11976,-1187842.581000000005588,2392891.686000000219792,Yes,WY
69,69,-1158334.722000000067055,780693.751000000047497,0.503226143000000,11978,-1158334.722000000067055,2387480.012000000104308,No,WY
70,70,-1143580.791999999899417,777987.913799999980256,0.762530951000000,11979,-1143580.791999999899417,2384774.174000000115484,Yes,WY
71,71,-1128826.861999999964610,775282.076499999966472,0.781911494000000,11980,-1128826.861999999964610,2382068.336999999824911,No,WY
72,72,-1114072.932000000029802,772576.239300000015646,0.549330598000000,11981,-1114072.932000000029802,2379362.500000000000000,No,WY
73,73,-1055057.212999999988824,761752.890400000032969,0.582362782000000,11985,-1055057.212999999988824,2368539.151000000070781,Yes,WY
74,74,-1524477.129999999888241,863093.611599999945611,0.453938664000000,12077,-1524477.129999999888241,2469879.871999999973923,No,ID
75,75,-1509723.199999999953434,860387.774300000048243,0.950730300000000,12078,-1509723.199999999953434,2467174.035000000149012,No,ID
76,76,-1494969.270000000018626,857681.937099999981001,0.969186558000000,12079,-1494969.270000000018626,2464468.197999999858439,No,ID
77,77,-1480215.340000000083819,854976.099900000030175,0.783719413000000,12080,-1480215.340000000083819,2461762.359999999869615,No,ID
78,78,-1465461.411000000080094,852270.262600000016391,0.751076227000000,12081,-1465461.411000000080094,2459056.523000000044703,Yes,ID
79,79,-1450707.480999999912456,849564.425399999949150,0.782131275000000,12082,-1450707.480999999912456,2456350.686000000219792,No,ID
80,80,-1435953.550999999977648,846858.588199999998324,0.589815509000000,12083,-1435953.550999999977648,2453644.848999999929219,Yes,ID
81,81,-1185136.743999999947846,800859.355300000053830,0.988751384000000,12100,-1185136.743999999947846,2407645.615999999921769,No,WY
82,82,-1140874.955000000074506,792741.843600000021979,0.385588036000000,12103,-1140874.955000000074506,2399528.103999999817461,Yes,WY
83,83,-1126121.024999999906868,790036.006399999954738,0.955309072000000,12104,-1126121.024999999906868,2396822.266999999992549,No,WY
84,84,-1111367.094999999972060,787330.169100000057369,0.959619307000000,12105,-1111367.094999999972060,2394116.430000000167638,No,WY
85,85,-1096613.165000000037253,784624.331899999990128,0.960534259000000,12106,-1096613.165000000037253,2391410.592000000178814,Yes,WY
86,86,-1081859.236000000033528,781918.494700000039302,0.623864095000000,12107,-1081859.236000000033528,2388704.754999999888241,Yes,WY
87,87,-1067105.306000000098720,779212.657400000025518,0.961926303000000,12108,-1067105.306000000098720,2385998.918000000063330,Yes,WY
88,88,-1052351.375999999931082,776506.820199999958277,0.926054371000000,12109,-1052351.375999999931082,2383293.080999999772757,No,WY
89,89,-1536525.222000000067055,880553.378600000054576,0.464407402000000,12200,-1536525.222000000067055,2487339.638999999966472,Yes,ID
90,90,-1521771.293000000063330,877847.541399999987334,0.908915053000000,12201,-1521771.293000000063330,2484633.802000000141561,No,ID
91,91,-1507017.362999999895692,875141.704099999973550,0.970125365000000,12202,-1507017.362999999895692,2481927.964999999850988,Yes,ID
92,92,-1492263.432999999960884,872435.866900000022724,0.556155290000000,12203,-1492263.432999999960884,2479222.126999999862164,No,ID
93,93,-1477509.503000000026077,869730.029699999955483,0.861839776000000,12204,-1477509.503000000026077,2476516.290000000037253,No,ID
94,94,-1462755.573000000091270,867024.192400000058115,0.641955643000000,12205,-1462755.573000000091270,2473810.453000000212342,No,ID
95,95,-1448001.644000000087544,864318.355199999990873,0.273928022000000,12206,-1448001.644000000087544,2471104.615999999921769,Yes,ID
96,96,-1388985.924000000115484,853495.006300000008196,0.414887308000000,12210,-1388985.924000000115484,2460281.266999999992549,No,ID
97,97,-1197184.837000000057742,818319.122300000046380,0.496030492000000,12223,-1197184.837000000057742,2425105.382999999914318,Yes,WY
98,98,-1182430.906999999890104,815613.285099999979138,0.982811867000000,12224,-1182430.906999999890104,2422399.546000000089407,No,WY
99,99,-1167676.976999999955297,812907.447900000028312,0.600843647000000,12225,-1167676.976999999955297,2419693.708000000100583,No,WY
100,100,-1152923.047000000020489,810201.610600000014529,0.726516479000000,12226,-1152923.047000000020489,2416987.870999999810010,Yes,WY
101,101,-1138169.118000000016764,807495.773399999947287,0.946804737000000,12227,-1138169.118000000016764,2414282.033999999985099,Yes,WY
102,102,-1123415.188000000081956,804789.936199999996461,0.993023972000000,12228,-1123415.188000000081956,2411576.197000000160187,No,WY
103,103,-1108661.257999999914318,802084.098899999982677,0.999731489000000,12229,-1108661.257999999914318,2408870.359999999869615,No,WY
104,104,-1093907.327999999979511,799378.261700000031851,0.830347171000000,12230,-1093907.327999999979511,2406164.521999999880791,No,WY
105,105,-1079153.398000000044703,796672.424499999964610,0.996661453000000,12231,-1079153.398000000044703,2403458.685000000055879,No,WY
106,106,-1064399.469000000040978,793966.587199999950826,0.929724570000000,12232,-1064399.469000000040978,2400752.848000000230968,No,WY
107,107,-1049645.539000000106171,791260.750000000000000,0.409300254000000,12233,-1049645.539000000106171,2398047.010999999940395,No,WY
108,108,-1533819.385000000009313,895307.308399999979883,0.330127897000000,12324,-1533819.385000000009313,2502093.569000000134110,Yes,ID
109,109,-1519065.455000000074506,892601.471200000029057,0.623813506000000,12325,-1519065.455000000074506,2499387.731999999843538,Yes,ID
110,110,-1504311.526000000070781,889895.633999999961816,0.797024680000000,12326,-1504311.526000000070781,2496681.895000000018626,No,ID
111,111,-1489557.595999999903142,887189.796699999948032,0.504338636000000,12327,-1489557.595999999903142,2493976.057000000029802,No,ID
112,112,-1474803.665999999968335,884483.959499999997206,0.861757812000000,12328,-1474803.665999999968335,2491270.220000000204891,No,ID
113,113,-1401034.016999999992549,870954.773300000000745,0.657388523000000,12333,-1401034.016999999992549,2477741.033999999985099,Yes,ID
114,114,-1356772.227999999886379,862837.261700000031851,0.522713521000000,12336,-1356772.227999999886379,2469623.521999999880791,No,ID
115,115,-1179725.070000000065193,830367.214900000020862,0.990470913000000,12348,-1179725.070000000065193,2437153.475999999791384,Yes,WY
116,116,-1164971.139999999897555,827661.377699999953620,0.724244695000000,12349,-1164971.139999999897555,2434447.637999999802560,Yes,WY
117,117,-1150217.209999999962747,824955.540400000056252,0.935143105000000,12350,-1150217.209999999962747,2431741.800999999977648,No,WY
118,118,-1135463.280000000027940,822249.703199999989010,1.000000000000000,12351,-1135463.280000000027940,2429035.964000000152737,No,WY
119,119,-1120709.351000000024214,819543.866000000038184,0.915985596000000,12352,-1120709.351000000024214,2426330.126999999862164,No,WY
120,120,-1105955.421000000089407,816838.028700000024401,1.000000000000000,12353,-1105955.421000000089407,2423624.288999999873340,No,WY
121,121,-1091201.490999999921769,814132.191499999957159,0.787702589000000,12354,-1091201.490999999921769,2420918.452000000048429,No,WY
122,122,-1076447.560999999986961,811426.354300000006333,0.733247205000000,12355,-1076447.560999999986961,2418212.615000000223517,No,WY
123,123,-1061693.631000000052154,808720.517100000055507,0.330252173000000,12356,-1061693.631000000052154,2415506.777999999932945,Yes,WY
124,124,-1560621.408000000054017,915472.912699999986216,0.555826906000000,12446,-1560621.408000000054017,2522259.172999999951571,No,ID
125,125,-1545867.477999999886379,912767.075500000035390,0.603343845000000,12447,-1545867.477999999886379,2519553.336000000126660,No,ID
126,126,-1531113.547999999951571,910061.238200000021607,0.715425534000000,12448,-1531113.547999999951571,2516847.498999999836087,No,ID
127,127,-1516359.618000000016764,907355.400999999954365,0.803519520000000,12449,-1516359.618000000016764,2514141.662000000011176,Yes,ID
128,128,-1486851.759000000078231,901943.726499999989755,0.410037843000000,12451,-1486851.759000000078231,2508729.987000000197440,No,ID
129,129,-1413082.110000000102445,888414.540400000056252,0.446212917000000,12456,-1413082.110000000102445,2495200.800999999977648,Yes,ID
130,130,-1206527.091999999945983,850532.819200000027195,0.549360492000000,12470,-1206527.091999999945983,2457319.080000000074506,Yes,ID
131,131,-1191773.162000000011176,847826.981900000013411,0.989257301000000,12471,-1191773.162000000011176,2454613.242999999783933,No,WY
132,132,-1177019.233000000007451,845121.144699999946170,0.997819550000000,12472,-1177019.233000000007451,2451907.404999999795109,No,WY
133,133,-1162265.303000000072643,842415.307499999995343,0.978996250000000,12473,-1162265.303000000072643,2449201.567999999970198,No,WY
134,134,-1147511.372999999905005,839709.470199999981560,0.904639814000000,12474,-1147511.372999999905005,2446495.731000000145286,No,WY
135,135,-1132757.442999999970198,837003.633000000030734,0.996561154000000,12475,-1132757.442999999970198,2443789.893999999854714,No,WY
136,136,-1118003.513000000035390,834297.795799999963492,1.000000000000000,12476,-1118003.513000000035390,2441084.055999999865890,No,WY
137,137,-1103249.583000000100583,831591.958600000012666,1.000000000000000,12477,-1103249.583000000100583,2438378.219000000040978,No,WY
138,138,-1088495.654000000096858,828886.121299999998882,0.834695313000000,12478,-1088495.654000000096858,2435672.382000000216067,Yes,WY
139,139,-1073741.723999999929219,826180.284100000048056,0.258642256000000,12479,-1073741.723999999929219,2432966.544999999925494,No,WY
140,140,-1058987.793999999994412,823474.446899999980815,0.578274543000000,12480,-1058987.793999999994412,2430260.706999999936670,No,WY
141,141,-881940.636300000012852,791004.400099999969825,0.785254667000000,12492,-881940.636300000012852,2397790.660999999847263,No,WY
142,142,-1557915.570000000065193,930226.842500000027940,0.339923792000000,12570,-1557915.570000000065193,2537013.103000000119209,No,ID
143,143,-1543161.641000000061467,927521.005299999960698,0.767829417000000,12571,-1543161.641000000061467,2534307.265999999828637,No,ID
144,144,-1528407.710999999893829,924815.167999999946915,0.979970093000000,12572,-1528407.710999999893829,2531601.429000000003725,No,ID
145,145,-1513653.780999999959022,922109.330799999996088,0.994942575000000,12573,-1513653.780999999959022,2528895.591000000014901,No,ID
146,146,-1498899.851000000024214,919403.493600000045262,0.914798181000000,12574,-1498899.851000000024214,2526189.754000000189990,No,ID
147,147,-1484145.921000000089407,916697.656300000031479,0.748425081000000,12575,-1484145.921000000089407,2523483.916999999899417,No,ID
148,148,-1469391.992000000085682,913991.819099999964237,0.709370760000000,12576,-1469391.992000000085682,2520778.080000000074506,Yes,ID
149,149,-1454638.061999999918044,911285.981900000013411,0.549331359000000,12577,-1454638.061999999918044,2518072.242000000085682,No,ID
150,150,-1380868.412999999942258,897756.795700000016950,0.490565260000000,12582,-1380868.412999999942258,2504543.055999999865890,No,ID
151,151,-1366114.483000000007451,895050.958499999949709,0.466871398000000,12583,-1366114.483000000007451,2501837.219000000040978,No,ID
152,152,-1336606.622999999905005,889639.283999999985099,0.654746528000000,12585,-1336606.622999999905005,2496425.544999999925494,Yes,ID
153,153,-1203821.254999999888241,865286.748999999952503,0.587046705000000,12594,-1203821.254999999888241,2472073.009999999776483,No,ID
154,154,-1189067.324999999953434,862580.911700000055134,1.000000000000000,12595,-1189067.324999999953434,2469367.171999999787658,No,WY
155,155,-1174313.395000000018626,859875.074499999987893,0.992414826000000,12596,-1174313.395000000018626,2466661.334999999962747,No,WY
156,156,-1159559.466000000014901,857169.237300000037067,0.998373812000000,12597,-1159559.465000000083819,2463955.498000000137836,No,WY
157,157,-1144805.536000000080094,854463.400099999969825,0.845247858000000,12598,-1144805.536000000080094,2461249.660999999847263,No,WY
158,158,-1130051.605999999912456,851757.562799999956042,0.867256405000000,12599,-1130051.605999999912456,2458543.822999999858439,Yes,WY
159,159,-1115297.675999999977648,849051.725600000005215,0.980505522000000,12600,-1115297.675999999977648,2455837.986000000033528,No,WY
160,160,-1100543.746000000042841,846345.888400000054389,0.906430332000000,12601,-1100543.746000000042841,2453132.149000000208616,Yes,WY
161,161,-1085789.816000000108033,843640.051100000040606,0.607406633000000,12602,-1085789.816000000108033,2450426.311999999918044,Yes,WY
162,162,-1071035.887000000104308,840934.213899999973364,0.393617069000000,12603,-1071035.887000000104308,2447720.475000000093132,No,WY
163,163,-893988.728899999987334,808464.167200000025332,0.839866666000000,12615,-893988.728899999987334,2415250.427999999839813,No,WY
164,164,-879234.799099999945611,805758.329900000011548,0.906377181000000,12616,-879234.799099999945611,2412544.589999999850988,No,WY
165,165,-1555209.733000000007451,944980.772299999953248,0.670992336000000,12694,-1555209.733000000007451,2551767.032999999821186,No,ID
166,166,-1540455.803000000072643,942274.935100000002421,0.977255259000000,12695,-1540455.803000000072643,2549061.195999999996275,Yes,ID
167,167,-1525701.874000000068918,939569.097799999988638,0.743428636000000,12696,-1525701.874000000068918,2546355.358000000007451,Yes,ID
168,168,-1510947.943999999901280,936863.260600000037812,0.872397575000000,12697,-1510947.943999999901280,2543649.521000000182539,No,ID
169,169,-1496194.013999999966472,934157.423399999970570,0.736694417000000,12698,-1496194.013999999966472,2540943.683999999891967,No,ID
170,170,-1481440.084000000031665,931451.586200000019744,0.683214521000000,12699,-1481440.084000000031665,2538237.847000000067055,Yes,ID
171,171,-1466686.154000000096858,928745.748900000005960,0.857456810000000,12700,-1466686.154000000096858,2535532.009000000078231,No,ID
172,172,-1451932.225000000093132,926039.911700000055134,0.419941664000000,12701,-1451932.225000000093132,2532826.171999999787658,No,ID
173,173,-1392916.504999999888241,915216.562799999956042,0.350665931000000,12705,-1392916.504999999888241,2522002.822999999858439,Yes,ID
174,174,-1378162.574999999953434,912510.725499999942258,0.777423444000000,12706,-1378162.574999999953434,2519296.986000000033528,No,ID
175,175,-1260131.137000000104308,890864.027699999976903,0.674984332000000,12714,-1260131.137000000104308,2497650.288000000175089,Yes,ID
176,176,-1245377.206999999936670,888158.190500000026077,0.687662419000000,12715,-1245377.206999999936670,2494944.450999999884516,No,ID
177,177,-1230623.277000000001863,885452.353200000012293,0.656432568000000,12716,-1230623.277000000001863,2492238.614000000059605,No,ID
178,178,-1201115.418000000063330,880040.678799999994226,0.686492452000000,12718,-1201115.418000000063330,2486826.938999999780208,No,ID
179,179,-1186361.487999999895692,877334.841600000043400,0.996841613000000,12719,-1186361.487999999895692,2484121.101999999955297,No,WY
180,180,-1171607.557999999960884,874629.004300000029616,0.671067292000000,12720,-1171607.557999999960884,2481415.265000000130385,Yes,WY
181,181,-1156853.628000000026077,871923.167099999962375,0.991015547000000,12721,-1156853.628000000026077,2478709.427999999839813,No,WY
182,182,-1142099.698000000091270,869217.329900000011548,0.770479710000000,12722,-1142099.698000000091270,2476003.589999999850988,Yes,WY
183,183,-1127345.769000000087544,866511.492599999997765,0.804886385000000,12723,-1127345.769000000087544,2473297.753000000026077,No,WY
184,184,-1112591.838999999919906,863805.655400000046939,0.909280096000000,12724,-1112591.838999999919906,2470591.916000000201166,No,WY
185,185,-1097837.908999999985099,861099.818199999979697,0.401324128000000,12725,-1097837.908999999985099,2467886.078999999910593,No,WY
186,186,-906036.821499999961816,825923.934200000017881,0.532386253000000,12738,-906036.821499999961816,2432710.194999999832362,No,WY
187,187,-891282.891700000036508,823218.096999999950640,1.000000000000000,12739,-891282.891599999973550,2430004.356999999843538,No,WY
188,188,-876528.961899999994785,820512.259700000053272,0.728870512000000,12740,-876528.961800000048243,2427298.520000000018626,Yes,WY
189,189,-1552503.895999999949709,959734.702099999994971,0.412568649000000,12818,-1552503.895999999949709,2566520.962999999988824,No,ID
190,190,-1537749.966000000014901,957028.864900000044145,0.927022208000000,12819,-1537749.966000000014901,2563815.125000000000000,No,ID
191,191,-1522996.036000000080094,954323.027699999976903,0.846794825000000,12820,-1522996.036000000080094,2561109.288000000175089,No,ID
192,192,-1508242.107000000076368,951617.190399999963120,0.430996580000000,12821,-1508242.105999999912456,2558403.450999999884516,Yes,ID
193,193,-1493488.176999999908730,948911.353200000012293,0.379627192000000,12822,-1493488.176999999908730,2555697.614000000059605,No,ID
194,194,-1478734.246999999973923,946205.515999999945052,0.173659742000000,12823,-1478734.246999999973923,2552991.776999999769032,No,ID
195,195,-1463980.317000000039116,943499.678700000047684,0.287545763000000,12824,-1463980.317000000039116,2550285.938999999780208,No,ID
196,196,-1449226.387000000104308,940793.841499999980442,0.624210839000000,12825,-1449226.387000000104308,2547580.101999999955297,Yes,ID
197,197,-1390210.668000000063330,929970.492599999997765,0.743663099000000,12829,-1390210.668000000063330,2536756.753000000026077,No,ID
198,198,-1198409.580000000074506,894794.608600000035949,0.492696006000000,12842,-1198409.581000000005588,2501580.868999999947846,No,MT
199,199,-1183655.651000000070781,892088.771399999968708,0.374658542000000,12843,-1183655.651000000070781,2498875.032000000122935,Yes,WY
200,200,-1168901.720999999903142,889382.934099999954924,0.283691058000000,12844,-1168901.720999999903142,2496169.194999999832362,No,WY
201,201,-1154147.790999999968335,886677.096900000004098,0.797608481000000,12845,-1154147.790999999968335,2493463.356999999843538,Yes,WY
202,202,-1139393.861000000033528,883971.259700000053272,0.876134932000000,12846,-1139393.861000000033528,2490757.520000000018626,No,WY
203,203,-1124639.931000000098720,881265.422499999986030,0.973061785000000,12847,-1124639.931000000098720,2488051.683000000193715,Yes,WY
204,204,-1109886.002000000094995,878559.585199999972247,0.862315277000000,12848,-1109886.002000000094995,2485345.845999999903142,No,WY
205,205,-1095132.071999999927357,875853.748000000021420,0.937698448000000,12849,-1095132.071999999927357,2482640.009000000078231,No,WY
206,206,-1080378.141999999992549,873147.910799999954179,0.799085843000000,12850,-1080378.141999999992549,2479934.171000000089407,No,WY
207,207,-1065624.212000000057742,870442.073500000056811,0.725667102000000,12851,-1065624.212000000057742,2477228.333999999798834,No,WY
208,208,-903330.984300000010990,840677.863999999943189,0.933639930000000,12862,-903330.984300000010990,2447464.125000000000000,No,WY
209,209,-888577.054400000022724,837972.026799999992363,0.977969153000000,12863,-888577.054400000022724,2444758.287000000011176,Yes,WY
210,210,-873823.124599999981001,835266.189499999978580,0.794755912000000,12864,-873823.124599999981001,2442052.450000000186265,No,WY
211,211,-1623567.708000000100583,988017.818100000033155,0.582516429000000,12937,-1623567.708000000100583,2594804.078999999910593,No,ID
212,212,-1549798.058999999891967,974488.631900000036694,0.613952848000000,12942,-1549798.058999999891967,2581274.893000000156462,No,ID
213,213,-1535044.128999999957159,971782.794699999969453,0.768937083000000,12943,-1535044.128999999957159,2578569.055000000167638,No,ID
214,214,-1520290.199000000022352,969076.957500000018626,0.907254374000000,12944,-1520290.199000000022352,2575863.217999999877065,Yes,ID
215,215,-1505536.269000000087544,966371.120200000004843,0.315718633000000,12945,-1505536.269000000087544,2573157.381000000052154,No,ID
216,216,-1461274.479999999981374,958253.608499999972992,0.489310052000000,12948,-1461274.479999999981374,2565039.868999999947846,No,ID
217,217,-1446520.550000000046566,955547.771300000022165,0.413563188000000,12949,-1446520.550000000046566,2562334.032000000122935,No,ID
218,218,-1402258.760999999940395,947430.259599999990314,0.568460207000000,12952,-1402258.760999999940395,2554216.520000000018626,No,ID
219,219,-1343243.040999999968335,936606.910700000007637,0.309752940000000,12956,-1343243.040999999968335,2543393.171000000089407,No,MT
220,220,-1269473.391999999992549,923077.724599999957718,0.654950633000000,12961,-1269473.391999999992549,2529863.984999999869615,No,MT
221,221,-1239965.533000000054017,917666.050099999993108,0.585762769000000,12963,-1239965.533000000054017,2524452.311000000219792,No,MT
222,222,-1210457.672999999951571,912254.375600000028498,0.574977469000000,12965,-1210457.672999999951571,2519040.635999999940395,No,MT
223,223,-1166195.884000000078231,904136.863999999943189,0.856562890000000,12968,-1166195.884000000078231,2510923.125000000000000,Yes,WY
224,224,-1151441.953999999910593,901431.026700000045821,0.947839826000000,12969,-1151441.953999999910593,2508217.287000000011176,Yes,WY
225,225,-1136688.023999999975786,898725.189499999978580,0.833172421000000,12970,-1136688.023999999975786,2505511.450000000186265,No,WY
226,226,-1121934.094000000040978,896019.352300000027753,0.953721184000000,12971,-1121934.094000000040978,2502805.612999999895692,Yes,WY
227,227,-1107180.164000000106171,893313.515000000013970,0.726807389000000,12972,-1107180.164000000106171,2500099.776000000070781,No,WY
228,228,-1092426.235000000102445,890607.677799999946728,0.950525786000000,12973,-1092426.235000000102445,2497393.938000000081956,No,WY
229,229,-1077672.304999999934807,887901.840599999995902,0.434845568000000,12974,-1077672.304999999934807,2494688.100999999791384,No,WY
230,230,-915379.076800000038929,858137.631000000052154,0.834892694000000,12985,-915379.076899999985471,2464923.891999999992549,No,WY
231,231,-900625.146999999997206,855431.793799999984913,0.994392269000000,12986,-900625.147099999943748,2462218.054000000003725,No,WY
232,232,-1561846.151000000070781,991948.398999999975786,0.658199943000000,13065,-1561846.151000000070781,2598734.660000000149012,Yes,ID
233,233,-1532338.291999999899417,986536.724500000011176,0.326117706000000,13067,-1532338.291999999899417,2593322.984999999869615,No,ID
234,234,-1517584.361999999964610,983830.887299999943934,0.681202086000000,13068,-1517584.361999999964610,2590617.148000000044703,No,ID
235,235,-1502830.432000000029802,981125.050000000046566,0.653045499000000,13069,-1502830.432000000029802,2587911.311000000219792,No,ID
236,236,-1488076.502000000094995,978419.212799999979325,0.349819297000000,13070,-1488076.502000000094995,2585205.473000000230968,Yes,ID
237,237,-1443814.712999999988824,970301.701099999947473,0.165180334000000,13073,-1443814.712999999988824,2577087.961999999824911,Yes,ID
238,238,-1429060.783000000054017,967595.863899999996647,0.598133603000000,13074,-1429060.783000000054017,2574382.123999999836087,No,ID
239,239,-1237259.695000000065193,932419.979900000034831,0.817962780000000,13087,-1237259.695000000065193,2539206.240000000223517,No,MT
240,240,-1207751.835999999893829,927008.305500000016764,0.831007215000000,13089,-1207751.835999999893829,2533794.566000000108033,No,MT
241,241,-1192997.905999999959022,924302.468200000002980,0.978743287000000,13090,-1192997.905999999959022,2531088.728999999817461,No,MT
242,242,-1178243.976000000024214,921596.631000000052154,0.979153472000000,13091,-1178243.976000000024214,2528382.891999999992549,No,WY
243,243,-1163490.046000000089407,918890.793799999984913,0.704887456000000,13092,-1163490.046000000089407,2525677.054000000003725,No,WY
244,244,-1104474.327000000048429,908067.444800000055693,0.693198830000000,13096,-1104474.327000000048429,2514853.705000000074506,Yes,WY
245,245,-1089720.397000000113621,905361.607599999988452,0.877186212000000,13097,-1089720.397000000113621,2512147.867999999783933,Yes,WY
246,246,-1060212.537999999942258,899949.933199999970384,0.615765658000000,13099,-1060212.537999999942258,2506736.194000000134110,No,WY
247,247,-927427.169400000013411,875597.398099999991246,0.942479243000000,13108,-927427.169400000013411,2482383.658999999985099,No,WY
248,248,-912673.239599999971688,872891.560900000040419,0.680990833000000,13109,-912673.239599999971688,2479677.820999999996275,Yes,WY
249,249,-897919.309800000046380,870185.723600000026636,0.569675347000000,13110,-897919.309800000046380,2476971.984000000171363,No,WY
250,250,-1573894.243999999947846,1009408.165999999968335,0.734852228000000,13188,-1573894.243999999947846,2616194.427000000141561,No,ID
251,251,-1559140.314000000013039,1006702.329000000027008,0.997136191000000,13189,-1559140.314000000013039,2613488.589000000152737,Yes,ID
252,252,-1529632.453999999910593,1001290.653999999980442,0.511990798000000,13191,-1529632.453999999910593,2608076.915000000037253,No,ID
253,253,-1514878.524999999906868,998584.817099999985658,0.888623903000000,13192,-1514878.524999999906868,2605371.078000000212342,No,ID
254,254,-1500124.594999999972060,995878.979900000034831,0.604266481000000,13193,-1500124.594999999972060,2602665.240000000223517,No,ID
255,255,-1485370.665000000037253,993173.142600000021048,0.255513068000000,13194,-1485370.665000000037253,2599959.402999999932945,No,ID
256,256,-1455862.804999999934807,987761.468200000002980,0.481949603000000,13196,-1455862.804999999934807,2594547.728999999817461,Yes,ID
257,257,-1441108.875999999931082,985055.630899999989197,0.356357811000000,13197,-1441108.875999999931082,2591841.890999999828637,No,ID
258,258,-1367339.226999999955297,971526.444800000055693,0.419089677000000,13202,-1367339.226999999955297,2578312.705000000074506,Yes,ID
259,259,-1205045.999000000068918,941762.235299999942072,0.769300927000000,13213,-1205045.999000000068918,2548548.495999999810010,Yes,MT
260,260,-1190292.068999999901280,939056.398000000044703,0.320643690000000,13214,-1190292.068999999901280,2545842.658999999985099,No,MT
261,261,-1175538.138999999966472,936350.560799999977462,0.841910044000000,13215,-1175538.138999999966472,2543136.820999999996275,No,MT
262,262,-1131276.350000000093132,928233.049099999945611,0.586890109000000,13218,-1131276.350000000093132,2535019.310000000055879,No,MT
263,263,-1116522.419999999925494,925527.211899999994785,0.661228996000000,13219,-1116522.419999999925494,2532313.472000000067055,No,MT
264,264,-1101768.489999999990687,922821.374700000043958,0.923509307000000,13220,-1101768.489999999990687,2529607.634999999776483,No,MT
265,265,-1087014.560000000055879,920115.537400000030175,0.819941069000000,13221,-1087014.560000000055879,2526901.797999999951571,No,MT
266,266,-1072260.629999999888241,917409.700199999962933,0.938067804000000,13222,-1072260.629999999888241,2524195.961000000126660,No,MT
267,267,-1057506.700999999884516,914703.863000000012107,0.919624307000000,13223,-1057506.700999999884516,2521490.123999999836087,Yes,MT
268,268,-924721.332199999946170,890351.327900000032969,0.551610500000000,13232,-924721.332199999946170,2497137.587999999988824,Yes,WY
269,269,-1600696.266000000061467,1029573.770000000018626,0.776613290000000,13310,-1600696.266000000061467,2636360.030999999959022,Yes,ID
270,270,-1571188.406999999890104,1024162.096000000019558,0.932346449000000,13312,-1571188.406999999890104,2630948.356000000145286,No,ID
271,271,-1556434.476999999955297,1021456.258999999961816,0.963338606000000,13313,-1556434.476999999955297,2628242.518999999854714,No,ID
272,272,-1541680.547000000020489,1018750.420999999972992,0.741017488000000,13314,-1541680.547000000020489,2625536.682000000029802,Yes,ID
273,273,-1512172.686999999918044,1013338.746999999973923,0.746536988000000,13316,-1512172.686999999918044,2620125.007000000216067,Yes,ID
274,274,-1453156.968000000109896,1002515.398000000044703,0.507840793000000,13320,-1453156.968000000109896,2609301.658999999985099,No,ID
275,275,-1379387.318999999901280,988986.211800000048243,0.514191893000000,13325,-1379387.318999999901280,2595772.472000000067055,No,ID
276,276,-1364633.388999999966472,986280.374599999981001,0.702477968000000,13326,-1364633.388999999966472,2593066.634999999776483,No,MT
277,277,-1349879.459999999962747,983574.537400000030175,0.621483131000000,13327,-1349879.459999999962747,2590360.797999999951571,No,MT
278,278,-1246601.950999999884516,964633.676800000015646,0.521249983000000,13334,-1246601.950999999884516,2571419.936999999918044,Yes,MT
279,279,-1217094.091000000014901,959222.002300000051036,0.322720556000000,13336,-1217094.091000000014901,2566008.262999999802560,No,MT
280,280,-1202340.161000000080094,956516.165099999983795,0.802331583000000,13337,-1202340.161000000080094,2563302.425999999977648,Yes,MT
281,281,-1187586.232000000076368,953810.327799999970011,0.496003679000000,13338,-1187586.232000000076368,2560596.587999999988824,No,MT
282,282,-1172832.301999999908730,951104.490600000019185,0.403522646000000,13339,-1172832.301999999908730,2557890.751000000163913,No,MT
283,283,-1143324.442000000039116,945692.816200000001118,0.951343005000000,13341,-1143324.442000000039116,2552479.077000000048429,Yes,MT
284,284,-1128570.512000000104308,942986.978899999987334,0.985370765000000,13342,-1128570.512000000104308,2549773.240000000223517,No,MT
285,285,-1113816.583000000100583,940281.141700000036508,0.980893667000000,13343,-1113816.581999999936670,2547067.401999999769032,Yes,MT
286,286,-1099062.652999999932945,937575.304499999969266,0.923314158000000,13344,-1099062.652999999932945,2544361.564999999944121,Yes,MT
287,287,-1084308.722999999998137,934869.467199999955483,1.000000000000000,13345,-1084308.722999999998137,2541655.728000000119209,Yes,MT
288,288,-1069554.793000000063330,932163.630000000004657,0.944313199000000,13346,-1069554.793000000063330,2538949.890999999828637,No,MT
289,289,-1054800.862999999895692,929457.792800000053830,0.903580472000000,13347,-1054800.862999999895692,2536244.052999999839813,No,MT
290,290,-1597990.429000000003725,1044327.699999999953434,0.507067416000000,13434,-1597990.429000000003725,2651113.961000000126660,No,ID
291,291,-1568482.568999999901280,1038916.025999999954365,0.687978069000000,13436,-1568482.568999999901280,2645702.285999999847263,No,ID
292,292,-1553728.639999999897555,1036210.187999999965541,0.687140820000000,13437,-1553728.639999999897555,2642996.449000000022352,No,ID
293,293,-1538974.709999999962747,1033504.351000000024214,0.556414630000000,13438,-1538974.709999999962747,2640290.612000000197440,Yes,ID
294,294,-1509466.850000000093132,1028092.677000000025146,0.599848367000000,13440,-1509466.850000000093132,2634878.936999999918044,No,ID
295,295,-1465205.060999999986961,1019975.165000000037253,0.522890450000000,13443,-1465205.060999999986961,2626761.425999999977648,No,ID
296,296,-1376681.482000000076368,1003740.141999999992549,0.807783215000000,13449,-1376681.482000000076368,2610526.401999999769032,No,MT
297,297,-1214388.253999999957159,973975.932099999976344,0.272754247000000,13460,-1214388.253999999957159,2580762.192999999970198,No,MT
298,298,-1199634.324000000022352,971270.094900000025518,0.791967956000000,13461,-1199634.324000000022352,2578056.354999999981374,No,MT
299,299,-1184880.394000000087544,968564.257699999958277,0.548946721000000,13462,-1184880.394000000087544,2575350.518000000156462,Yes,MT
300,300,-1170126.465000000083819,965858.420399999944493,0.545100687000000,13463,-1170126.465000000083819,2572644.680999999865890,Yes,MT
301,301,-1140618.604999999981374,960446.746000000042841,0.365197674000000,13465,-1140618.604999999981374,2567233.007000000216067,No,MT
302,302,-1125864.675000000046566,957740.908700000029057,0.811450996000000,13466,-1125864.675000000046566,2564527.169000000227243,No,MT
303,303,-1111110.745000000111759,955035.071499999961816,0.864694789000000,13467,-1111110.745000000111759,2561821.331999999936670,No,MT
304,304,-1096356.814999999944121,952329.234300000010990,0.835335638000000,13468,-1096356.814999999944121,2559115.495000000111759,No,MT
305,305,-1081602.885999999940395,949623.397099999943748,0.914588115000000,13469,-1081602.885999999940395,2556409.657999999821186,No,MT
306,306,-1432991.364000000059605,1029317.420000000041910,0.572753846000000,13569,-1432991.364000000059605,2636103.680999999865890,No,ID
307,307,-1373975.645000000018626,1018494.070999999996275,0.493872476000000,13573,-1373975.645000000018626,2625280.331999999936670,Yes,MT
308,308,-1344467.784999999916181,1013082.396999999997206,0.733377713000000,13575,-1344467.784999999916181,2619868.657999999821186,No,MT
309,309,-1329713.854999999981374,1010376.560000000055879,0.785934039000000,13576,-1329713.854999999981374,2617162.819999999832362,No,MT
310,310,-1314959.925000000046566,1007670.722999999998137,0.586536510000000,13577,-1314959.925000000046566,2614456.983000000007451,No,MT
311,311,-1241190.276000000070781,994141.536399999982677,0.656589240000000,13582,-1241190.276000000070781,2600927.796999999787658,No,MT
312,312,-1196928.486999999964610,986024.024699999950826,0.474336474000000,13585,-1196928.486999999964610,2592810.285000000149012,No,MT
313,313,-1182174.557000000029802,983318.187500000000000,0.446404836000000,13586,-1182174.557000000029802,2590104.447999999858439,Yes,MT
314,314,-1167420.627000000094995,980612.350199999986216,0.878217880000000,13587,-1167420.627000000094995,2587398.611000000033528,No,MT
315,315,-1123158.837999999988824,972494.838600000017323,0.936378912000000,13590,-1123158.837999999988824,2579281.098999999929219,Yes,MT
316,316,-1108404.908000000054017,969789.001300000003539,0.726376005000000,13591,-1108404.908000000054017,2576575.262000000104308,No,MT
317,317,-1093650.977999999886379,967083.164100000052713,0.722008556000000,13592,-1093650.977999999886379,2573869.424999999813735,No,MT
318,318,-1548316.965000000083819,1065718.047999999951571,0.628708015000000,13685,-1548316.965000000083819,2672504.308999999891967,Yes,ID
319,319,-1533563.034999999916181,1063012.210999999893829,0.780939707000000,13686,-1533563.034999999916181,2669798.470999999903142,No,ID
320,320,-1518809.105999999912456,1060306.374000000068918,0.678277894000000,13687,-1518809.104999999981374,2667092.634000000078231,No,ID
321,321,-1474547.316000000108033,1052188.861999999964610,0.483397575000000,13690,-1474547.316000000108033,2658975.121999999973923,No,ID
322,322,-1459793.385999999940395,1049483.024999999906868,0.735293965000000,13691,-1459793.385999999940395,2656269.285000000149012,No,ID
323,323,-1445039.456000000005588,1046777.187000000034459,0.441882180000000,13692,-1445039.456000000005588,2653563.447999999858439,Yes,ID
324,324,-1430285.527000000001863,1044071.349999999976717,0.603677947000000,13693,-1430285.527000000001863,2650857.611000000033528,No,MT
325,325,-1400777.666999999899417,1038659.675999999977648,0.457041945000000,13695,-1400777.666999999899417,2645445.936000000219792,Yes,ID
326,326,-1386023.736999999964610,1035953.837999999988824,0.369899214000000,13696,-1386023.736999999964610,2642740.098999999929219,No,ID
327,327,-1341761.948000000091270,1027836.327000000048429,0.690960555000000,13699,-1341761.948000000091270,2634622.586999999824911,No,MT
328,328,-1327008.017999999923632,1025130.489999999990687,0.584055636000000,13700,-1327008.017999999923632,2631916.750000000000000,Yes,MT
329,329,-1312254.087999999988824,1022424.652000000001863,0.682802023000000,13701,-1312254.087999999988824,2629210.913000000175089,No,MT
330,330,-1253238.368999999947846,1011601.302999999956228,0.561166764000000,13705,-1253238.368999999947846,2618387.563999999780208,Yes,MT
331,331,-1238484.439000000013039,1008895.466000000014901,0.811614764000000,13706,-1238484.439000000013039,2615681.726999999955297,No,MT
332,332,-1486595.408999999985099,1069648.628999999957159,0.759003605000000,13813,-1486595.408999999985099,2676434.890000000130385,Yes,ID
333,333,-1471841.479000000050291,1066942.791999999899417,0.721297064000000,13814,-1471841.479000000050291,2673729.052000000141561,Yes,ID
334,334,-1427579.689000000013039,1058825.280000000027940,0.263954889000000,13817,-1427579.689000000013039,2665611.541000000201166,No,MT
335,335,-1398071.830000000074506,1053413.605999999912456,0.500179200000000,13819,-1398071.830000000074506,2660199.865999999921769,No,MT
336,336,-1383317.899999999906868,1050707.767999999923632,0.718303034000000,13820,-1383317.899999999906868,2657494.029000000096858,Yes,MT
337,337,-1324302.181000000098720,1039884.418999999994412,0.504190040000000,13824,-1324302.181000000098720,2646670.680000000167638,No,MT
338,338,-1469135.641999999992549,1081696.720999999903142,0.642879596000000,13938,-1469135.641999999992549,2688482.981999999843538,No,ID
339,339,-1424873.851999999955297,1073579.209999999962747,0.902482803000000,13941,-1424873.851999999955297,2680365.470000000204891,No,ID
340,340,-1365858.132999999914318,1062755.861000000033528,0.548088979000000,13945,-1365858.132999999914318,2669542.120999999810010,No,MT
341,341,-1351104.202999999979511,1060050.023999999975786,0.498621743000000,13946,-1351104.202999999979511,2666836.283999999985099,No,MT
342,342,-1306842.414000000106171,1051932.512000000104308,0.463903714000000,13949,-1306842.414000000106171,2658718.773000000044703,Yes,MT
343,343,-1466429.804000000003725,1096450.651000000070781,0.781372699000000,14062,-1466429.804000000003725,2703236.912000000011176,Yes,ID
344,344,-1436921.945000000065193,1091038.976999999955297,0.573104806000000,14064,-1436921.945000000065193,2697825.237000000197440,Yes,ID
345,345,-1422168.014999999897555,1088333.139999999897555,0.913615546000000,14065,-1422168.014999999897555,2695119.399999999906868,No,MT
346,346,-1363152.296000000089407,1077509.790999999968335,0.650332465000000,14069,-1363152.296000000089407,2684296.050999999977648,No,MT
347,347,-1348398.365999999921769,1074803.952999999979511,0.789532268000000,14070,-1348398.365999999921769,2681590.214000000152737,Yes,MT
348,348,-1333644.435999999986961,1072098.115999999921769,0.793296471000000,14071,-1333644.435999999986961,2678884.376999999862164,No,MT
349,349,-1478477.897000000113621,1113910.418000000063330,0.555872462000000,14185,-1478477.897000000113621,2720696.679000000003725,No,ID
350,350,-1434216.108000000007451,1105792.906999999890104,0.756622681000000,14188,-1434216.108000000007451,2712579.166999999899417,Yes,ID
351,351,-1419462.178000000072643,1103087.068999999901280,0.936012620000000,14189,-1419462.178000000072643,2709873.330000000074506,No,MT
352,352,-1375200.388000000035390,1094969.557999999960884,0.277626257000000,14192,-1375200.388000000035390,2701755.817999999970198,No,MT
353,353,-1360446.459000000031665,1092263.720999999903142,0.483905913000000,14193,-1360446.458000000100583,2699049.981000000145286,Yes,MT
354,354,-1330938.598999999929219,1086852.046000000089407,0.685747186000000,14195,-1330938.598999999929219,2693638.307000000029802,No,MT
355,355,-1257168.949999999953434,1073322.860000000102445,0.500364796000000,14200,-1257168.949999999953434,2680109.120000000111759,Yes,MT
356,356,-1109629.652000000001863,1046264.488000000012107,0.776109047000000,14210,-1109629.652000000001863,2653050.748000000137836,No,MT
357,357,-1977405.672999999951571,1220662.814000000013039,0.857176257000000,14275,-1977405.672999999951571,2827449.075000000186265,Yes,WA
358,358,-1475772.060000000055879,1128664.347999999998137,0.842097249000000,14309,-1475772.060000000055879,2735450.609000000171363,Yes,ID
359,359,-1461018.129999999888241,1125958.510999999940395,0.765502173000000,14310,-1461018.129999999888241,2732744.771999999880791,No,ID
360,360,-1446264.199999999953434,1123252.674000000115484,0.678384655000000,14311,-1446264.199999999953434,2730038.933999999891967,No,ID
361,361,-1431510.270000000018626,1120546.835999999893829,0.717400481000000,14312,-1431510.270000000018626,2727333.097000000067055,Yes,ID
362,362,-1416756.341000000014901,1117840.999000000068918,0.925984954000000,14313,-1416756.341000000014901,2724627.259999999776483,Yes,MT
363,363,-1372494.550999999977648,1109723.487999999895692,0.593355994000000,14316,-1372494.550999999977648,2716509.748000000137836,No,MT
364,364,-1357740.621000000042841,1107017.649999999906868,0.455105146000000,14317,-1357740.621000000042841,2713803.910999999847263,No,MT
365,365,-1313478.831999999936670,1098900.138999999966472,0.856617934000000,14320,-1313478.831999999936670,2705686.399000000208616,No,MT
366,366,-1106923.814000000013039,1061018.416999999899417,0.632447516000000,14334,-1106923.814999999944121,2667804.677999999839813,No,MT
367,367,-1974699.835999999893829,1235416.743999999947846,0.514988287000000,14399,-1974699.835999999893829,2842203.004000000189990,No,WA
368,368,-1959945.905999999959022,1232710.906999999890104,0.658062530000000,14400,-1959945.905999999959022,2839497.166999999899417,No,WA
369,369,-1945191.976999999955297,1230005.068999999901280,0.738472839000000,14401,-1945191.976000000024214,2836791.330000000074506,No,WA
370,370,-1487820.152000000001863,1146124.114999999990687,0.498891816000000,14432,-1487820.152000000001863,2752910.376000000163913,Yes,ID
371,371,-1473066.222999999998137,1143418.277999999932945,0.510425444000000,14433,-1473066.222999999998137,2750204.538999999873340,No,ID
372,372,-1458312.293000000063330,1140712.441000000108033,0.577035810000000,14434,-1458312.293000000063330,2747498.700999999884516,No,ID
373,373,-1443558.362999999895692,1138006.604000000050291,0.773172492000000,14435,-1443558.362999999895692,2744792.864000000059605,No,ID
374,374,-1428804.432999999960884,1135300.766000000061467,0.779047531000000,14436,-1428804.432999999960884,2742087.026999999769032,No,ID
375,375,-1414050.503000000026077,1132594.929000000003725,0.826408187000000,14437,-1414050.503000000026077,2739381.189999999944121,No,ID
376,376,-1310772.995000000111759,1113654.067999999970198,0.707467367000000,14444,-1310772.995000000111759,2720440.328999999910593,No,MT
377,377,-1251757.274999999906868,1102830.719999999972060,0.772453464000000,14448,-1251757.274999999906868,2709616.979999999981374,No,MT
378,378,-1986747.929000000003725,1252876.510999999940395,0.536072994000000,14522,-1986747.929000000003725,2859662.771000000182539,No,WA
379,379,-1971993.999000000068918,1250170.674000000115484,0.721434488000000,14523,-1971993.999000000068918,2856956.933999999891967,No,WA
380,380,-1957240.068999999901280,1247464.835999999893829,0.621563410000000,14524,-1957240.068999999901280,2854251.097000000067055,No,WA
381,381,-1942486.138999999966472,1244758.999000000068918,0.807224974000000,14525,-1942486.138999999966472,2851545.259999999776483,Yes,WA
382,382,-1499868.245000000111759,1163583.881999999983236,0.520113130000000,14555,-1499868.245000000111759,2770370.143000000156462,No,ID
383,383,-1470360.385000000009313,1158172.208000000100583,0.800248793000000,14557,-1470360.385000000009313,2764958.467999999877065,No,ID
384,384,-1455606.456000000005588,1155466.371000000042841,0.700365830000000,14558,-1455606.456000000005588,2762252.631000000052154,Yes,ID
385,385,-1440852.526000000070781,1152760.533000000054017,0.509269943000000,14559,-1440852.526000000070781,2759546.794000000227243,No,ID
386,386,-1426098.595999999903142,1150054.695999999996275,0.483729955000000,14560,-1426098.595999999903142,2756840.956999999936670,No,ID
387,387,-1411344.665999999968335,1147348.858999999938533,0.880948677000000,14561,-1411344.665999999968335,2754135.118999999947846,No,ID
388,388,-1396590.736000000033528,1144643.022000000113621,0.637923325000000,14562,-1396590.736000000033528,2751429.282000000122935,No,MT
389,389,-1954534.232000000076368,1262218.766000000061467,0.553085962000000,14648,-1954534.232000000076368,2869005.026999999769032,Yes,WA
390,390,-1939780.301999999908730,1259512.929000000003725,0.820911039000000,14649,-1939780.301999999908730,2866299.189999999944121,No,WA
391,391,-1925026.371999999973923,1256807.091999999945983,0.626650580000000,14650,-1925026.371999999973923,2863593.351999999955297,Yes,WA
392,392,-1482408.477999999886379,1175631.975000000093132,0.328288793000000,14680,-1482408.477999999886379,2782418.234999999869615,No,ID
393,393,-1467654.547999999951571,1172926.138000000035390,0.603189811000000,14681,-1467654.547999999951571,2779712.398000000044703,No,ID
394,394,-1452900.618000000016764,1170220.300000000046566,0.421503363000000,14682,-1452900.618000000016764,2777006.561000000219792,No,ID
395,395,-1438146.688000000081956,1167514.462999999988824,0.873652471000000,14683,-1438146.688000000081956,2774300.723999999929219,No,ID
396,396,-1423392.759000000078231,1164808.625999999931082,0.799424335000000,14684,-1423392.759000000078231,2771594.885999999940395,Yes,ID
397,397,-1408638.828999999910593,1162102.789000000106171,0.535634757000000,14685,-1408638.828999999910593,2768889.049000000115484,No,MT
398,398,-1393884.898999999975786,1159396.950999999884516,0.576567040000000,14686,-1393884.898999999975786,2766183.211999999824911,No,MT
399,399,-1937074.465000000083819,1274266.858999999938533,0.688822077000000,14773,-1937074.465000000083819,2881053.118999999947846,No,WA
400,400,-1922320.534999999916181,1271561.022000000113621,0.480947134000000,14774,-1922320.534999999916181,2878347.282000000122935,No,WA
401,401,-1479702.641000000061467,1190385.905000000027940,0.404203593000000,14804,-1479702.641000000061467,2797172.165000000037253,Yes,ID
402,402,-1464948.710999999893829,1187680.067000000039116,0.810988139000000,14805,-1464948.710999999893829,2794466.328000000212342,Yes,ID
403,403,-1450194.780999999959022,1184974.229999999981374,0.713724173000000,14806,-1450194.780999999959022,2791760.490999999921769,No,ID
404,404,-1435440.851000000024214,1182268.392999999923632,0.897253044000000,14807,-1435440.851000000024214,2789054.654000000096858,No,MT
405,405,-1125608.324999999953434,1125445.810999999986961,0.576225180000000,14828,-1125608.324999999953434,2732232.072000000160187,No,MT
406,406,-1110854.395000000018626,1122739.973999999929219,0.431892183000000,14829,-1110854.395000000018626,2729526.234000000171363,No,MT
407,407,-1022330.817000000039116,1106504.950999999884516,0.557767212000000,14835,-1022330.815999999991618,2713291.211000000126660,No,MT
408,408,-1919614.698000000091270,1286314.950999999884516,0.771364152000000,14898,-1919614.698000000091270,2893101.211999999824911,No,WA
409,409,-1491750.733000000007451,1207845.672000000020489,0.486140733000000,14927,-1491750.733000000007451,2814631.932000000029802,Yes,ID
410,410,-1476996.803000000072643,1205139.834000000031665,0.724141870000000,14928,-1476996.803000000072643,2811926.095000000204891,No,ID
411,411,-1462242.874000000068918,1202433.996999999973923,0.894356373000000,14929,-1462242.874000000068918,2809220.257999999914318,No,ID
412,412,-1447488.943999999901280,1199728.159999999916181,0.985840511000000,14930,-1447488.943999999901280,2806514.421000000089407,Yes,ID
413,413,-1432735.013999999966472,1197022.323000000091270,0.432362019000000,14931,-1432735.013999999966472,2803808.583000000100583,No,MT
414,414,-1137656.418000000063330,1142905.577999999979511,0.450083633000000,14951,-1137656.418000000063330,2749691.839000000152737,No,MT
415,415,-1122902.487999999895692,1140199.740999999921769,0.603299738000000,14952,-1122902.487999999895692,2746986.001000000163913,Yes,MT
416,416,-1108148.557999999960884,1137493.904000000096858,0.623299367000000,14953,-1108148.557999999960884,2744280.163999999873340,No,MT
417,417,-1961170.649999999906868,1309186.392999999923632,0.611781765000000,15019,-1961170.649999999906868,2915972.652999999932945,No,WA
418,418,-1946416.719999999972060,1306480.556000000098720,0.971439425000000,15020,-1946416.719999999972060,2913266.816000000108033,No,WA
419,419,-1931662.790000000037253,1303774.718000000109896,0.851258713000000,15021,-1931662.790000000037253,2910560.978999999817461,Yes,WA
420,420,-1916908.861000000033528,1301068.881000000052154,0.622338548000000,15022,-1916908.861000000033528,2907855.141999999992549,No,WA
421,421,-1518552.756000000052154,1228011.276000000070781,0.769043110000000,15049,-1518552.756000000052154,2834797.537000000011176,No,ID
422,422,-1503798.825999999884516,1225305.439000000013039,0.892162919000000,15050,-1503798.825999999884516,2832091.699000000022352,No,ID
423,423,-1489044.895999999949709,1222599.601000000024214,0.691101759000000,15051,-1489044.895999999949709,2829385.862000000197440,No,ID
424,424,-1474290.966000000014901,1219893.763999999966472,0.570006659000000,15052,-1474290.966000000014901,2826680.024999999906868,No,ID
425,425,-1459537.036000000080094,1217187.926999999908730,0.852332343000000,15053,-1459537.036000000080094,2823974.188000000081956,No,ID
426,426,-1444783.107000000076368,1214482.090000000083819,0.580247529000000,15054,-1444783.107000000076368,2821268.350000000093132,No,MT
427,427,-1356259.527999999932945,1198247.066000000108033,0.803150581000000,15060,-1356259.527999999932945,2805033.327000000048429,Yes,MT
428,428,-1282489.878999999957159,1184717.879999999888241,0.481859529000000,15065,-1282489.878999999957159,2791504.140999999828637,No,MT
429,429,-1267735.949000000022352,1182012.043000000063330,0.587397873000000,15066,-1267735.949000000022352,2788798.304000000003725,Yes,MT
430,430,-1943710.882999999914318,1321234.485000000102445,0.801574295000000,15144,-1943710.882999999914318,2928020.745999999810010,No,WA
431,431,-1928956.952999999979511,1318528.648000000044703,0.649219996000000,15145,-1928956.952999999979511,2925314.908999999985099,No,WA
432,432,-1914203.023000000044703,1315822.810999999986961,0.574512153000000,15146,-1914203.023000000044703,2922609.072000000160187,No,WA
433,433,-1456831.199000000022352,1231941.857000000076368,0.552427309000000,15177,-1456831.199000000022352,2838728.117000000085682,Yes,MT
434,434,-1338799.760999999940395,1210295.158999999985099,0.641724898000000,15185,-1338799.760999999940395,2817081.419999999925494,No,MT
435,435,-1309291.901000000070781,1204883.485000000102445,0.806258053000000,15187,-1309291.901000000070781,2811669.745000000111759,No,MT
436,436,-1294537.970999999903142,1202177.647000000113621,0.778109546000000,15188,-1294537.970999999903142,2808963.907999999821186,No,MT
437,437,-1279784.040999999968335,1199471.810000000055879,0.673004935000000,15189,-1279784.040999999968335,2806258.070999999996275,No,MT
438,438,-1265030.111999999964610,1196765.972999999998137,0.785556855000000,15190,-1265030.111999999964610,2803552.233000000007451,No,MT
439,439,-1911497.185999999986961,1330576.740999999921769,0.653881369000000,15270,-1911497.185999999986961,2937363.001000000163913,Yes,WA
440,440,-1483633.222000000067055,1252107.460999999893829,0.551877490000000,15299,-1483633.222000000067055,2858893.722000000067055,No,ID
441,441,-1350847.852999999886379,1227754.925999999977648,0.918520970000000,15308,-1350847.852999999886379,2834541.186999999918044,Yes,MT
442,442,-1321339.993999999947846,1222343.252000000094995,0.730525623000000,15310,-1321339.993999999947846,2829129.512000000104308,Yes,MT
443,443,-1306586.064000000013039,1219637.414000000106171,0.698257590000000,15311,-1306586.064000000013039,2826423.674999999813735,No,MT
444,444,-1291832.134000000078231,1216931.577000000048429,0.452604073000000,15312,-1291832.134000000078231,2823717.837999999988824,Yes,MT
445,445,-1277078.203999999910593,1214225.739999999990687,0.791660809000000,15313,-1277078.203999999910593,2821012.000000000000000,No,MT
446,446,-1262324.273999999975786,1211519.902999999932945,0.507604198000000,15314,-1262324.273999999975786,2818306.163000000175089,Yes,MT
447,447,-1908791.348999999929219,1345330.671000000089407,0.604259783000000,15394,-1908791.348999999929219,2952116.930999999865890,No,WA
448,448,-1480927.384000000078231,1266861.391000000061467,0.659384793000000,15423,-1480927.384000000078231,2873647.651000000070781,Yes,ID
449,449,-1348142.016000000061467,1242508.855999999912456,0.790624325000000,15432,-1348142.016000000061467,2849295.115999999921769,No,MT
450,450,-1318634.155999999959022,1237097.181000000098720,0.972780951000000,15434,-1318634.155999999959022,2843883.441999999806285,No,MT
451,451,-1303880.226999999955297,1234391.344000000040978,0.392852596000000,15435,-1303880.226999999955297,2841177.604999999981374,Yes,MT
452,452,-1289126.297000000020489,1231685.506999999983236,0.742718466000000,15436,-1289126.297000000020489,2838471.768000000156462,No,MT
453,453,-1274372.367000000085682,1228979.669999999925494,0.498925134000000,15437,-1274372.367000000085682,2835765.930000000167638,Yes,MT
454,454,-1906085.512000000104308,1360084.600000000093132,0.905792699000000,15518,-1906085.512000000104308,2966870.861000000033528,No,WA
455,455,-1891331.581999999936670,1357378.763000000035390,0.770649136000000,15519,-1891331.581999999936670,2964165.024000000208616,No,WA
456,456,-1876577.652000000001863,1354672.925999999977648,0.806219370000000,15520,-1876577.652000000001863,2961459.186999999918044,No,WA
457,457,-1861823.722000000067055,1351967.088999999919906,0.642953634000000,15521,-1861823.722000000067055,2958753.348999999929219,Yes,WA
458,458,-1345436.179000000003725,1257262.786000000080094,0.548104973000000,15556,-1345436.179000000003725,2864049.046000000089407,No,MT
459,459,-1330682.249000000068918,1254556.948000000091270,0.481802785000000,15557,-1330682.249000000068918,2861343.208999999798834,No,MT
460,460,-1315928.318999999901280,1251851.111000000033528,0.780095767000000,15558,-1315928.318999999901280,2858637.371999999973923,No,MT
461,461,-1301174.388999999966472,1249145.273999999975786,0.372880999000000,15559,-1301174.388999999966472,2855931.535000000149012,No,MT
462,462,-1286420.459999999962747,1246439.436999999918044,0.939702338000000,15560,-1286420.459999999962747,2853225.697000000160187,No,MT
463,463,-1271666.530000000027940,1243733.600000000093132,0.232094214000000,15561,-1271666.530000000027940,2850519.859999999869615,No,MT
464,464,-1903379.674000000115484,1374838.530000000027940,0.767207117000000,15642,-1903379.674000000115484,2981624.791000000201166,No,WA
465,465,-1888625.745000000111759,1372132.692999999970198,0.998579090000000,15643,-1888625.745000000111759,2978918.953999999910593,Yes,WA
466,466,-1873871.814999999944121,1369426.855999999912456,0.935150773000000,15644,-1873871.814999999944121,2976213.115999999921769,No,WA
467,467,-1859117.885000000009313,1366721.019000000087544,0.529317157000000,15645,-1859117.885000000009313,2973507.279000000096858,Yes,WA
468,468,-1446007.850000000093132,1290957.575999999884516,0.680364530000000,15673,-1446007.850000000093132,2897743.836999999824911,No,MT
469,469,-1327976.412000000011176,1269310.878000000026077,0.702067179000000,15681,-1327976.412000000011176,2876097.138999999966472,No,MT
470,470,-1313222.482000000076368,1266605.040999999968335,0.535745694000000,15682,-1313222.482000000076368,2873391.302000000141561,No,MT
471,471,-1298468.551999999908730,1263899.203999999910593,0.717503553000000,15683,-1298468.551999999908730,2870685.464000000152737,Yes,MT
472,472,-1283714.621999999973923,1261193.367000000085682,0.902946827000000,15684,-1283714.621999999973923,2867979.626999999862164,No,MT
473,473,-1900673.837000000057742,1389592.459999999962747,0.673245530000000,15766,-1900673.837000000057742,2996378.720999999903142,No,WA
474,474,-1885919.906999999890104,1386886.622999999905005,0.606369393000000,15767,-1885919.906999999890104,2993672.882999999914318,No,WA
475,475,-1871165.977999999886379,1384180.786000000080094,0.891061564000000,15768,-1871165.977999999886379,2990967.046000000089407,No,WA
476,476,-1856412.047999999951571,1381474.948000000091270,0.621110658000000,15769,-1856412.047999999951571,2988261.208999999798834,No,WA
477,477,-1325270.574999999953434,1284064.807999999960884,0.855301631000000,15805,-1325270.574999999953434,2890851.069000000134110,No,MT
478,478,-1295762.715000000083819,1278653.134000000078231,0.624395987000000,15807,-1295762.715000000083819,2885439.393999999854714,No,MT
479,479,-1281008.784999999916181,1275947.296000000089407,0.872073457000000,15808,-1281008.784999999916181,2882733.557000000029802,Yes,MT
480,480,-1266254.854999999981374,1273241.459000000031665,0.871301808000000,15809,-1266254.854999999981374,2880027.720000000204891,Yes,MT
481,481,-1897968.000000000000000,1404346.389999999897555,0.506620991000000,15890,-1897968.000000000000000,3011132.649999999906868,No,WA
482,482,-1883214.070000000065193,1401640.553000000072643,0.662842498000000,15891,-1883214.070000000065193,3008426.813000000081956,No,WA
483,483,-1868460.139999999897555,1398934.715000000083819,0.827557633000000,15892,-1868460.139999999897555,3005720.975999999791384,No,WA
484,484,-1470104.034999999916181,1325877.110000000102445,0.519705535000000,15919,-1470104.034999999916181,2932663.370999999810010,No,MT
485,485,-1337318.666999999899417,1301524.574999999953434,0.542245744000000,15928,-1337318.666999999899417,2908310.836000000126660,Yes,MT
486,486,-1322564.736999999964610,1298818.737999999895692,0.534599762000000,15929,-1322564.736999999964610,2905604.998000000137836,Yes,MT
487,487,-1307810.807000000029802,1296112.901000000070781,0.721618073000000,15930,-1307810.807999999960884,2902899.160999999847263,No,MT
488,488,-1293056.878000000026077,1293407.063000000081956,0.871700193000000,15931,-1293056.878000000026077,2900193.324000000022352,No,MT
489,489,-1278302.948000000091270,1290701.226000000024214,0.789653331000000,15932,-1278302.948000000091270,2897487.487000000197440,Yes,MT
490,490,-1263549.017999999923632,1287995.388999999966472,0.942834977000000,15933,-1263549.017999999923632,2894781.649999999906868,No,MT
491,491,-1895262.162999999942258,1419100.320000000065193,0.738997796000000,16014,-1895262.162999999942258,3025886.580000000074506,No,WA
492,492,-1880508.233000000007451,1416394.482000000076368,0.884407033000000,16015,-1880508.233000000007451,3023180.742999999783933,Yes,WA
493,493,-1865754.303000000072643,1413688.645000000018626,0.965319321000000,16016,-1865754.303000000072643,3020474.905999999959022,No,WA
494,494,-1851000.372999999905005,1410982.807999999960884,0.595062606000000,16017,-1851000.372999999905005,3017769.069000000134110,Yes,WA
495,495,-1836246.442999999970198,1408276.970999999903142,0.594723013000000,16018,-1836246.443999999901280,3015063.231000000145286,No,WA
496,496,-1467398.198000000091270,1340631.040000000037253,0.646278792000000,16043,-1467398.198000000091270,2947417.300999999977648,No,MT
497,497,-1334612.830000000074506,1316278.504999999888241,0.790436011000000,16052,-1334612.830000000074506,2923064.765000000130385,No,MT
498,498,-1319858.899999999906868,1313572.668000000063330,0.592208013000000,16053,-1319858.899999999906868,2920358.927999999839813,No,MT
499,499,-1305104.969999999972060,1310866.830000000074506,0.793016853000000,16054,-1305104.969999999972060,2917653.091000000014901,No,MT
500,500,-1290351.040000000037253,1308160.993000000016764,0.828870405000000,16055,-1290351.040000000037253,2914947.254000000189990,No,MT
501,501,-1275597.111000000033528,1305455.155999999959022,0.976783451000000,16056,-1275597.111000000033528,2912241.416999999899417,No,MT
502,502,-1892556.324999999953434,1433854.249000000068918,0.561195451000000,16138,-1892556.324999999953434,3040640.509999999776483,Yes,WA
503,503,-1877802.395999999949709,1431148.412000000011176,0.758531562000000,16139,-1877802.395999999949709,3037934.672999999951571,No,WA
504,504,-1863048.466000000014901,1428442.574999999953434,0.981856158000000,16140,-1863048.466000000014901,3035228.836000000126660,No,WA
505,505,-1848294.536000000080094,1425736.737999999895692,0.994732025000000,16141,-1848294.536000000080094,3032522.998000000137836,No,WA
506,506,-1833540.605999999912456,1423030.901000000070781,0.938773348000000,16142,-1833540.605999999912456,3029817.160999999847263,No,WA
507,507,-1494200.220999999903142,1360796.644000000087544,0.778275276000000,16165,-1494200.220999999903142,2967582.904999999795109,No,ID
508,508,-1464692.361000000033528,1355384.969999999972060,0.634665753000000,16167,-1464692.361000000033528,2962171.229999999981374,Yes,MT
509,509,-1317153.063000000081956,1328326.597000000067055,0.654715289000000,16177,-1317153.063000000081956,2935112.858000000007451,No,MT
510,510,-1302399.132999999914318,1325620.760000000009313,0.670852601000000,16178,-1302399.132999999914318,2932407.021000000182539,No,MT
511,511,-1287645.202999999979511,1322914.922999999951571,0.841907069000000,16179,-1287645.202999999979511,2929701.183999999891967,No,MT
512,512,-1272891.273000000044703,1320209.085999999893829,0.518747485000000,16180,-1272891.273000000044703,2926995.345999999903142,No,MT
513,513,-1860342.628999999957159,1443196.504999999888241,0.635165840000000,16264,-1860342.628999999957159,3049982.765000000130385,No,WA
514,514,-1845588.699000000022352,1440490.668000000063330,0.983364406000000,16265,-1845588.699000000022352,3047276.927999999839813,No,WA
515,515,-1830834.769000000087544,1437784.830000000074506,0.513685800000000,16266,-1830834.769000000087544,3044571.091000000014901,Yes,WA
516,516,-1816080.838999999919906,1435078.993000000016764,0.651475717000000,16267,-1816080.838999999919906,3041865.254000000189990,No,WA
517,517,-1535756.172999999951571,1383668.085999999893829,0.524831516000000,16286,-1535756.172999999951571,2990454.345999999903142,No,ID
518,518,-1491494.382999999914318,1375550.574000000022352,0.640645267000000,16289,-1491494.382999999914318,2982336.834999999962747,No,ID
519,519,-1314447.226000000024214,1343080.527000000001863,0.406933801000000,16301,-1314447.226000000024214,2949866.788000000175089,No,MT
520,520,-1299693.296000000089407,1340374.689999999944121,0.978369488000000,16302,-1299693.296000000089407,2947160.950999999884516,Yes,MT
521,521,-1284939.365999999921769,1337668.852999999886379,0.569417790000000,16303,-1284939.365999999921769,2944455.112999999895692,Yes,MT
522,522,-1872390.720999999903142,1460656.272000000113621,0.686290112000000,16387,-1872390.720999999903142,3067442.532000000122935,Yes,WA
523,523,-1857636.790999999968335,1457950.435000000055879,0.928825890000000,16388,-1857636.790999999968335,3064736.694999999832362,No,WA
524,524,-1842882.861999999964610,1455244.597000000067055,0.741957017000000,16389,-1842882.861999999964610,3062030.858000000007451,No,WA
525,525,-1828128.932000000029802,1452538.760000000009313,0.652059292000000,16390,-1828128.932000000029802,3059325.021000000182539,No,WA
526,526,-1813375.002000000094995,1449832.922999999951571,0.615412147000000,16391,-1813375.002000000094995,3056619.183999999891967,Yes,WA
527,527,-1533050.335999999893829,1398422.016000000061467,0.588655325000000,16410,-1533050.335999999893829,3005208.276000000070781,No,ID
528,528,-1356003.178000000072643,1365951.969000000040978,0.620262706000000,16422,-1356003.178000000072643,2972738.228999999817461,No,MT
529,529,-1311741.388000000035390,1357834.456999999936670,0.899192262000000,16425,-1311741.388000000035390,2964620.717999999877065,Yes,MT
530,530,-1296987.459000000031665,1355128.620000000111759,0.968311264000000,16426,-1296987.459000000031665,2961914.879999999888241,No,MT
531,531,-1854930.953999999910593,1472704.364000000059605,0.724803518000000,16512,-1854930.953999999910593,3079490.625000000000000,No,WA
532,532,-1840177.023999999975786,1469998.527000000001863,0.954875287000000,16513,-1840177.023999999975786,3076784.788000000175089,No,WA
533,533,-1825423.094999999972060,1467292.689999999944121,0.983907391000000,16514,-1825423.094999999972060,3074078.950999999884516,Yes,WA
534,534,-1810669.165000000037253,1464586.852999999886379,0.820883761000000,16515,-1810669.165000000037253,3071373.112999999895692,No,WA
535,535,-1530344.497999999905005,1413175.945000000065193,0.755625654000000,16534,-1530344.497999999905005,3019962.205999999772757,Yes,ID
536,536,-1382805.199999999953434,1386117.573000000091270,0.674657593000000,16544,-1382805.199999999953434,2992903.833999999798834,Yes,MT
537,537,-1368051.270000000018626,1383411.736000000033528,0.965379467000000,16545,-1368051.270000000018626,2990197.995999999810010,No,MT
538,538,-1323789.480999999912456,1375294.223999999929219,0.793635649000000,16548,-1323789.480999999912456,2982080.484999999869615,No,MT
539,539,-1309035.550999999977648,1372588.387000000104308,0.949597804000000,16549,-1309035.550999999977648,2979374.648000000044703,No,MT
540,540,-1294281.621000000042841,1369882.550000000046566,0.622320095000000,16550,-1294281.621000000042841,2976668.810000000055879,No,MT
541,541,-1881732.976999999955297,1492869.969000000040978,0.684445977000000,16634,-1881732.976999999955297,3099656.228999999817461,No,WA
542,542,-1852225.117000000085682,1487458.293999999994412,0.601763243000000,16636,-1852225.117000000085682,3094244.555000000167638,No,WA
543,543,-1837471.186999999918044,1484752.456999999936670,0.646880825000000,16637,-1837471.186999999918044,3091538.717999999877065,No,WA
544,544,-1822717.256999999983236,1482046.620000000111759,0.935644006000000,16638,-1822717.256999999983236,3088832.879999999888241,Yes,WA
545,545,-1807963.327999999979511,1479340.783000000054017,0.475003742000000,16639,-1807963.327000000048429,3086127.043000000063330,No,WA
546,546,-1793209.398000000044703,1476634.945000000065193,0.461343087000000,16640,-1793209.398000000044703,3083421.205999999772757,No,WA
547,547,-1763701.537999999942258,1471223.270999999949709,0.685840819000000,16642,-1763701.537999999942258,3078009.530999999959022,No,WA
548,548,-1557146.520999999949709,1433341.550000000046566,0.523468634000000,16656,-1557146.520999999949709,3040127.810000000055879,No,WA
549,549,-1527638.661000000080094,1427929.875000000000000,0.856280922000000,16658,-1527638.661000000080094,3034716.135999999940395,No,ID
550,550,-1512884.730999999912456,1425224.037999999942258,0.509946696000000,16659,-1512884.730999999912456,3032010.299000000115484,No,ID
551,551,-1380099.362999999895692,1400871.503000000026077,0.960879545000000,16668,-1380099.362999999895692,3007657.762999999802560,No,MT
552,552,-1365345.432999999960884,1398165.665999999968335,0.638160264000000,16669,-1365345.432999999960884,3004951.925999999977648,No,MT
553,553,-1335837.574000000022352,1392753.990999999921769,0.786876832000000,16671,-1335837.574000000022352,2999540.251999999862164,Yes,MT
554,554,-1321083.644000000087544,1390048.154000000096858,1.000000000000000,16672,-1321083.644000000087544,2996834.415000000037253,Yes,MT
555,555,-1306329.713999999919906,1387342.317000000039116,0.924953290000000,16673,-1306329.713999999919906,2994128.577000000048429,No,MT
556,556,-1908534.999000000068918,1513035.573000000091270,0.753875092000000,16756,-1908534.999000000068918,3119821.833999999798834,Yes,WA
557,557,-1893781.068999999901280,1510329.736000000033528,0.735141177000000,16757,-1893781.068999999901280,3117115.995999999810010,No,WA
558,558,-1879027.138999999966472,1507623.898999999975786,0.586967737000000,16758,-1879027.138999999966472,3114410.158999999985099,Yes,WA
559,559,-1864273.209999999962747,1504918.060999999986961,0.835327841000000,16759,-1864273.209999999962747,3111704.322000000160187,Yes,WA
560,560,-1849519.280000000027940,1502212.223999999929219,0.572431197000000,16760,-1849519.280000000027940,3108998.484999999869615,No,WA
561,561,-1834765.350000000093132,1499506.387000000104308,0.539602629000000,16761,-1834765.350000000093132,3106292.646999999880791,No,WA
562,562,-1820011.419999999925494,1496800.550000000046566,0.893581273000000,16762,-1820011.419999999925494,3103586.810000000055879,No,WA
563,563,-1805257.489999999990687,1494094.712000000057742,0.964178014000000,16763,-1805257.489999999990687,3100880.973000000230968,Yes,WA
564,564,-1790503.560000000055879,1491388.875000000000000,0.853963868000000,16764,-1790503.560000000055879,3098175.135999999940395,No,WA
565,565,-1775749.631000000052154,1488683.037999999942258,0.609225901000000,16765,-1775749.631000000052154,3095469.297999999951571,No,WA
566,566,-1760995.700999999884516,1485977.200999999884516,0.516120630000000,16766,-1760995.700999999884516,3092763.461000000126660,Yes,WA
567,567,-1554440.682999999960884,1448095.479000000050291,0.607634213000000,16780,-1554440.683999999891967,3054881.740000000223517,Yes,WA
568,568,-1539686.753999999957159,1445389.641999999992549,0.755528133000000,16781,-1539686.753999999957159,3052175.902999999932945,No,ID
569,569,-1524932.824000000022352,1442683.804999999934807,0.674180315000000,16782,-1524932.824000000022352,3049470.066000000108033,No,ID
570,570,-1392147.456000000005588,1418331.270000000018626,0.784459443000000,16791,-1392147.456000000005588,3025117.530999999959022,No,MT
571,571,-1377393.526000000070781,1415625.432999999960884,0.944638570000000,16792,-1377393.526000000070781,3022411.692999999970198,Yes,MT
572,572,-1347885.665999999968335,1410213.757999999914318,0.528826623000000,16794,-1347885.665999999968335,3017000.018999999854714,No,MT
573,573,-1333131.736000000033528,1407507.921000000089407,0.971278766000000,16795,-1333131.736000000033528,3014294.182000000029802,No,MT
574,574,-1318377.806000000098720,1404802.084000000031665,0.907634972000000,16796,-1318377.806000000098720,3011588.344000000040978,No,MT
575,575,-1303623.877000000094995,1402096.246999999973923,0.763523494000000,16797,-1303623.877000000094995,3008882.507000000216067,No,MT
576,576,-1891075.232000000076368,1525083.665999999968335,0.689478714000000,16881,-1891075.232000000076368,3131869.925999999977648,No,WA
577,577,-1876321.301999999908730,1522377.827999999979511,0.874527145000000,16882,-1876321.301999999908730,3129164.089000000152737,Yes,WA
578,578,-1861567.371999999973923,1519671.990999999921769,0.887456584000000,16883,-1861567.371999999973923,3126458.251999999862164,No,WA
579,579,-1846813.442000000039116,1516966.154000000096858,0.695509121000000,16884,-1846813.442000000039116,3123752.413999999873340,No,WA
580,580,-1832059.513000000035390,1514260.317000000039116,0.434907131000000,16885,-1832059.513000000035390,3121046.577000000048429,No,WA
581,581,-1817305.583000000100583,1511554.479000000050291,0.880430542000000,16886,-1817305.583000000100583,3118340.740000000223517,No,WA
582,582,-1802551.652999999932945,1508848.641999999992549,0.527844879000000,16887,-1802551.652999999932945,3115634.902999999932945,No,WA
583,583,-1787797.722999999998137,1506142.804999999934807,0.884851373000000,16888,-1787797.722999999998137,3112929.066000000108033,Yes,WA
584,584,-1773043.793000000063330,1503436.968000000109896,0.930179084000000,16889,-1773043.793000000063330,3110223.228000000119209,No,WA
585,585,-1758289.864000000059605,1500731.129999999888241,0.860298616000000,16890,-1758289.864000000059605,3107517.390999999828637,Yes,WA
586,586,-1888369.395000000018626,1539837.594999999972060,0.639932380000000,17005,-1888369.395000000018626,3146623.856000000145286,No,WA
587,587,-1873615.465000000083819,1537131.757999999914318,0.721566696000000,17006,-1873615.465000000083819,3143918.018999999854714,No,WA
588,588,-1282034.185000000055879,605127.686800000024959,0.737266802000000,10360,-1282034.185000000055879,2211913.947000000160187,No,ID
589,589,-1279328.347000000067055,619881.616599999950267,0.518391874000000,10484,-1279328.347000000067055,2226667.876999999862164,No,ID
590,590,-1559396.664000000106171,838997.426399999996647,0.253814114000000,11827,-1559396.664000000106171,2445783.686999999918044,Yes,ID
591,591,-1544642.733999999938533,836291.589200000045821,0.250594191000000,11828,-1544642.733999999938533,2443077.850000000093132,No,ID
592,592,-1556690.827000000048429,853751.356200000038370,0.283958871000000,11951,-1556690.827000000048429,2460537.617000000085682,No,ID
593,593,-1541936.897000000113621,851045.518999999971129,0.401400849000000,11952,-1541936.897000000113621,2457831.779999999795109,Yes,ID
594,594,-1368820.320000000065193,880297.028700000024401,0.203644644000000,12459,-1368820.320000000065193,2487083.288999999873340,Yes,ID
595,595,-1354066.389999999897555,877591.191499999957159,0.394941813000000,12460,-1354066.389999999897555,2484377.452000000048429,No,ID
596,596,-1321852.692999999970198,886933.446800000034273,0.334536139000000,12586,-1321852.692999999970198,2493719.706999999936670,No,ID
597,597,-1348654.716000000014901,907099.051100000040606,0.287262320000000,12708,-1348654.716000000014901,2513885.311999999918044,No,ID
598,598,-1319146.855999999912456,901687.376599999959581,0.181608104000000,12710,-1319146.855999999912456,2508473.637000000104308,No,MT
599,599,-1304392.925999999977648,898981.539400000008754,0.371788737000000,12711,-1304392.925999999977648,2505767.799999999813735,No,MT
600,600,-1274885.067000000039116,893569.864900000044145,0.325181929000000,12713,-1274885.067000000039116,2500356.126000000163913,No,ID
601,601,-1345948.878999999957159,921852.980899999965914,0.274661412000000,12832,-1345948.878999999957159,2528639.240999999921769,No,ID
602,602,-1213163.510000000009313,897500.445799999986775,0.282037310000000,12841,-1213163.510000000009313,2504286.705999999772757,No,ID
603,603,-1372750.901000000070781,942018.585199999972247,0.082029052000000,12954,-1372750.901000000070781,2548804.845999999903142,No,ID
604,604,-1357996.970999999903142,939312.747899999958463,0.205494050000000,12955,-1357996.970999999903142,2546099.009000000078231,Yes,ID
605,605,-1370045.064000000013039,956772.515000000013970,0.231635586000000,13078,-1370045.064000000013039,2563558.774999999906868,Yes,MT
606,606,-942181.099200000055134,878303.235299999942072,0.332663639000000,13107,-942181.099200000055134,2485089.495999999810010,No,WY
607,607,-1411601.016000000061467,979643.956499999971129,0.345830672000000,13199,-1411601.016000000061467,2586430.217000000178814,No,ID
608,608,-1408895.179000000003725,994397.886300000012852,0.439366003000000,13323,-1408895.179000000003725,2601184.146999999880791,Yes,ID
609,609,-1420943.270999999949709,1011857.653000000049360,0.139452610000000,13446,-1420943.270999999949709,2618643.913999999873340,Yes,ID
610,610,-1406189.341999999945983,1009151.815999999991618,0.290547869000000,13447,-1406189.341999999945983,2615938.077000000048429,No,ID
611,611,-1418237.433999999891967,1026611.582999999984168,0.158439212000000,13570,-1418237.433999999891967,2633397.844000000040978,No,ID
612,612,-1415531.597000000067055,1041365.513000000035390,0.067033235000000,13694,-1415531.597000000067055,2648151.774000000208616,No,MT
613,613,-1159303.115999999921769,1024874.140000000013970,0.296201560000000,13959,-1159303.115999999921769,2631660.399999999906868,No,MT
614,614,-1156597.277999999932945,1039628.069000000017695,0.202763605000000,14083,-1156597.277999999932945,2646414.330000000074506,No,MT
615,615,-1112335.489000000059605,1031510.557999999960884,0.447116042000000,14086,-1112335.489000000059605,2638296.817999999970198,No,MT
616,616,-1163233.696999999927357,1086595.695999999996275,0.225843529000000,14454,-1163233.695999999996275,2693381.956999999936670,No,MT
617,617,-1175281.789000000106171,1104055.462999999988824,0.309942603000000,14577,-1175281.789000000106171,2710841.723999999929219,Yes,MT
618,618,-1098806.303000000072643,1105280.206999999936670,0.160425997000000,14706,-1098806.303000000072643,2712066.467000000178814,No,MT
619,619,-1084052.372999999905005,1102574.370000000111759,0.138674514000000,14707,-1084052.372999999905005,2709360.629999999888241,Yes,MT
620,620,-1096100.466000000014901,1120034.137000000104308,0.118696755000000,14830,-1096100.466000000014901,2726820.396999999880791,Yes,MT
621,621,-1081346.536000000080094,1117328.299000000115484,0.398035073000000,14831,-1081346.536000000080094,2724114.560000000055879,No,MT
622,622,-1471585.128999999957159,1234647.693999999901280,0.418787942000000,15176,-1471585.128999999957159,2841433.955000000074506,No,ID
623,623,-1412569.409999999916181,1223824.344999999972060,0.287742685000000,15180,-1412569.409999999916181,2830610.606000000145286,Yes,MT
624,624,-1397815.479999999981374,1221118.507999999914318,0.260512988000000,15181,-1397815.479999999981374,2827904.768000000156462,No,MT
625,625,-1513141.081000000005588,1257519.135999999940395,0.394375127000000,15297,-1513141.081000000005588,2864305.396000000182539,No,ID
626,626,-1498387.151000000070781,1254813.297999999951571,0.439120868000000,15298,-1498387.151000000070781,2861599.558999999891967,Yes,ID
627,627,-1468879.291999999899417,1249401.624000000068918,0.443707404000000,15300,-1468879.291999999899417,2856187.884000000078231,No,MT
628,628,-1510435.243999999947846,1272273.064999999944121,0.435513662000000,15421,-1510435.243999999947846,2879059.325999999884516,Yes,ID
629,629,-1495681.314000000013039,1269567.227999999886379,0.474050642000000,15422,-1495681.314000000013039,2876353.489000000059605,No,ID
630,630,-1459280.686999999918044,1384892.828999999910593,0.336020494000000,16415,-1459280.685999999986961,2991679.089999999850988,No,MT
631,631,-1439115.081999999936670,1411694.851999999955297,0.368656372000000,16664,-1439115.081999999936670,3018481.112000000197440,No,MT
632,632,-1480671.033999999985099,1434566.293000000063330,0.366286112000000,16785,-1480671.033999999985099,3041352.554000000003725,No,ID
633,633,-1465917.104999999981374,1431860.456000000005588,0.454037160000000,16786,-1465917.104999999981374,3038646.717000000178814,Yes,MT
