GRID_ID,GRTS_No,STATE,stabb,Albers_X,Albers_Y,Latitude,Longitude,Sample,Surveyed2017,Surveyed2022,SiteType2017,SiteType2022,Grouping1,Grouping2,propCopeland,propCopelandInman,meanHumanMod_2021,meanNDVI_2017,ClusterCount
10613,Id-596,Wyoming,WY,-1200000,2230000,42.2,-110.7,No,No,No,,,NorthernRockies,NorthernRockies,0.678176631,0.72625781,0.012231923,58.72646825,18
10737,Id-163,Wyoming,WY,-1200000,2240000,42.3,-110.7,Yes,Yes,Yes,Bait,Bait,NorthernRockies,NorthernRockies,0.833087757,0.969151877,0.003799127,55.99146825,18
10738,Id-515,Wyoming,WY,-1190000,2240000,42.3,-110.5,No,No,No,,,NorthernRockies,NorthernRockies,0.414217589,0.561665753,0.006234956,51.80277778,18
10861,Id-227,Wyoming,WY,-1200000,2260000,42.5,-110.7,No,No,No,,,NorthernRockies,NorthernRockies,0.949430873,0.999244,0.006513225,58.12230159,18
10862,Id-396,Wyoming,WY,-1180000,2260000,42.5,-110.5,No,No,No,,,NorthernRockies,NorthernRockies,0.709260479,0.864252,0.009520563,51.18039683,18
10984,Id-211,Wyoming,WY,-1210000,2280000,42.6,-110.9,No,No,No,,,NorthernRockies,NorthernRockies,0.362877954,0.524053904,0.175749548,60.36930218,18
10985,Id-466,Wyoming,WY,-1200000,2270000,42.6,-110.7,No,No,No,,,NorthernRockies,NorthernRockies,0.967434358,0.99234,0.003837443,56.00166667,18
10986,Id-317,Wyoming,WY,-1180000,2270000,42.6,-110.5,No,No,No,,,NorthernRockies,NorthernRockies,0.573392461,0.757639031,0.006849871,51.32305556,18
10994,Id-294,Wyoming,WY,-1060000,2250000,42.6,-109.1,No,No,No,,,NorthernRockies,NorthernRockies,0.55390541,0.669449322,0.007089842,41.85246032,40
10995,Id-562,Wyoming,WY,-1050000,2250000,42.6,-108.9,No,No,No,,,NorthernRockies,NorthernRockies,0.78880506,0.827836689,0.021225467,47.64214286,40
11109,Id-307,Wyoming,WY,-1190000,2290000,42.7,-110.7,No,No,No,,,NorthernRockies,NorthernRockies,0.770996332,0.952028,0.001697443,53.89617963,18
11110,Id-099,Wyoming,WY,-1180000,2280000,42.7,-110.5,Yes,Yes,Yes,Bait,Bait,NorthernRockies,NorthernRockies,0.623942616,0.702253191,0.008571537,54.70400794,18
11116,Id-051,Wyoming,WY,-1090000,2270000,42.7,-109.4,Yes,Yes,Yes,Bait,Bait,NorthernRockies,NorthernRockies,0.48481688,0.612357551,0.017294873,48.0518398,40
11117,Id-626,Wyoming,WY,-1070000,2270000,42.7,-109.2,No,No,No,,,NorthernRockies,NorthernRockies,0.994452301,1,0.005299694,46.52583333,40
11118,Id-238,Wyoming,WY,-1060000,2260000,42.7,-109,No,No,No,,,NorthernRockies,NorthernRockies,0.996773442,0.997972,0.002272062,42.46714286,40
11119,Id-062,Wyoming,WY,-1040000,2260000,42.7,-108.9,Yes,Yes,Yes,Bait,Bait,NorthernRockies,NorthernRockies,0.488915475,0.545756,0.035969475,41.0475,40
11232,Id-506,Wyoming,WY,-1200000,2300000,42.9,-110.9,No,No,No,,,NorthernRockies,NorthernRockies,0.433501636,0.510302041,0.199970083,62.55825397,18
11233,Id-147,Wyoming,WY,-1190000,2300000,42.9,-110.7,Yes,Yes,Yes,Bait,Bait,NorthernRockies,NorthernRockies,0.543996841,0.721681773,0.005603422,59.28412698,18
11234,Id-437,Wyoming,WY,-1180000,2300000,42.9,-110.5,No,No,No,,,NorthernRockies,NorthernRockies,0.656013993,0.733734935,0.00594234,59.76055556,18
11239,Id-254,Wyoming,WY,-1100000,2290000,42.9,-109.6,No,No,No,,,NorthernRockies,NorthernRockies,0.354602675,0.51745007,0.041323867,54.68170635,40
11240,Id-571,Wyoming,WY,-1090000,2280000,42.9,-109.4,No,No,No,,,NorthernRockies,NorthernRockies,0.998464813,1,0.009065617,53.39457294,40
11241,Id-003,Wyoming,WY,-1070000,2280000,42.8,-109.2,Yes,Yes,Yes,Lure,Lure,NorthernRockies,NorthernRockies,0.999983134,1,0.001630484,40.80633509,40
11242,Id-587,Wyoming,WY,-1060000,2280000,42.8,-109,No,No,No,,,NorthernRockies,NorthernRockies,0.826476032,0.863834366,0.010344523,43.80325397,40
11356,Id-267,Wyoming,WY,-1200000,2320000,43,-110.9,No,No,No,,,NorthernRockies,NorthernRockies,0.513005477,0.619191046,0.053992391,57.15540031,18
11357,Id-019,Wyoming,WY,-1190000,2320000,43,-110.7,Yes,Yes,Yes,Bait,Bait,NorthernRockies,NorthernRockies,0.480044721,0.673694695,0.004771456,61.14365079,18
11358,Id-386,Wyoming,WY,-1170000,2310000,43,-110.5,No,No,No,,,NorthernRockies,NorthernRockies,0.791492925,0.870997032,0.009142665,58.12380952,18
11362,Id-190,Wyoming,WY,-1110000,2300000,43,-109.8,No,Yes,Yes,Bait,Bait,NorthernRockies,NorthernRockies,0.387736301,0.62007352,0.094735921,68.92559524,40
11363,Id-373,Wyoming,WY,-1100000,2300000,43,-109.6,No,No,No,,,NorthernRockies,NorthernRockies,0.980268023,0.998732005,0.002174397,47.62730159,40
11364,Id-617,Wyoming,WY,-1080000,2300000,43,-109.4,No,No,No,,,NorthernRockies,NorthernRockies,1,1,0.000837928,43.48174603,40
11365,Id-126,Wyoming,WY,-1070000,2300000,43,-109.2,Yes,Yes,No,Bait,,NorthernRockies,NorthernRockies,0.779980355,0.923244,0.006698675,43.79071429,40
11481,Id-083,Wyoming,WY,-1180000,2330000,43.2,-110.7,Yes,Yes,Yes,Bait,Bait,NorthernRockies,NorthernRockies,0.409103573,0.698102792,0.003636895,61.67793651,18
11482,Id-035,Wyoming,WY,-1170000,2330000,43.1,-110.5,Yes,Yes,Yes,Bait,Bait,NorthernRockies,NorthernRockies,0.363452984,0.589221643,0.018391531,59.60985194,18
11485,Id-195,Wyoming,WY,-1130000,2320000,43.1,-109.9,No,Yes,Yes,Bait,Bait,NorthernRockies,NorthernRockies,0.416810311,0.540205839,0.059063288,59.12611111,40
11486,Id-377,Wyoming,WY,-1110000,2320000,43.1,-109.8,No,No,No,,,NorthernRockies,NorthernRockies,0.994538424,1,0.001907864,42.09083333,40
11487,Id-455,Wyoming,WY,-1100000,2320000,43.1,-109.6,No,No,No,,,NorthernRockies,NorthernRockies,0.999417182,1,0.001705723,27.46873016,40
11488,Id-298,Wyoming,WY,-1080000,2310000,43.1,-109.4,No,No,No,,,NorthernRockies,NorthernRockies,0.874036389,0.973500106,0.001228166,43.63374747,40
11489,Id-493,Wyoming,WY,-1070000,2310000,43.1,-109.2,No,No,No,,,NorthernRockies,NorthernRockies,0.397038036,0.538885844,0.010249549,32.83349206,40
11603,Id-538,Idaho,ID,-1210000,2350000,43.3,-111.1,No,No,No,,,NorthernRockies,NorthernRockies,0.445203353,0.542109832,0.113949955,74.85472222,4
11604,Id-026,Wyoming,WY,-1200000,2350000,43.3,-110.9,Yes,Yes,Yes,Bait,Lure,NorthernRockies,NorthernRockies,0.495247979,0.58664,0.019172265,64.74519841,4
11607,Id-545,Wyoming,WY,-1150000,2340000,43.3,-110.3,No,No,No,,,NorthernRockies,NorthernRockies,0.447528661,0.543448348,0.021160947,57.19559524,40
11608,Id-534,Wyoming,WY,-1140000,2340000,43.3,-110.1,No,No,No,,,NorthernRockies,NorthernRockies,0.883429174,0.977067908,0.006087978,57.83611111,40
11609,Id-336,Wyoming,WY,-1120000,2340000,43.3,-109.9,No,No,No,,,NorthernRockies,NorthernRockies,0.722808399,0.819068,0.023112595,55.04468254,40
11610,Id-067,Wyoming,WY,-1110000,2330000,43.3,-109.8,Yes,Yes,Yes,Bait,Bait,NorthernRockies,NorthernRockies,0.857848098,0.989004044,0.001122754,36.19845238,40
11611,Id-257,Wyoming,WY,-1090000,2330000,43.3,-109.6,No,No,No,,,NorthernRockies,NorthernRockies,0.956486702,1,0.001702615,38.41051587,40
11612,Id-131,Wyoming,WY,-1080000,2330000,43.3,-109.4,Yes,Yes,No,Bait,,NorthernRockies,NorthernRockies,0.451263354,0.602054408,0.010167297,33.29797619,40
11727,Id-382,Idaho,ID,-1210000,2370000,43.4,-111.1,No,No,No,,,NorthernRockies,NorthernRockies,0.811195901,0.93918,0.003321579,62.56853175,4
11729,Id-500,Wyoming,WY,-1180000,2360000,43.4,-110.7,No,No,No,,,NorthernRockies,NorthernRockies,0.300625453,0.657832,0.081393191,58.20142857,40
11730,Id-460,Wyoming,WY,-1160000,2360000,43.4,-110.5,No,No,No,,,NorthernRockies,NorthernRockies,0.949526373,0.98718,0.003837219,50.04448413,40
11731,Id-138,Wyoming,WY,-1150000,2360000,43.4,-110.3,Yes,Yes,Yes,Lure,Lure,NorthernRockies,NorthernRockies,0.984636111,0.998172015,0.003905736,44.24895804,40
11732,Id-510,Wyoming,WY,-1130000,2350000,43.4,-110.1,No,No,No,,,NorthernRockies,NorthernRockies,0.741714761,0.90489162,0.00736497,58.14301583,40
11733,Id-154,Wyoming,WY,-1120000,2350000,43.4,-109.9,Yes,Yes,Yes,Bait,Bait,NorthernRockies,NorthernRockies,0.683110893,0.784144863,0.010595339,60.13706349,40
11734,Id-390,Wyoming,WY,-1110000,2350000,43.4,-109.8,No,No,No,,,NorthernRockies,NorthernRockies,0.982722856,0.998024,0.003374332,42.14456349,40
11735,Id-624,Wyoming,WY,-1090000,2340000,43.4,-109.6,No,No,No,,,NorthernRockies,NorthernRockies,0.512177853,0.644976,0.009605173,33.20884921,40
11830,Id-505,Idaho,ID,-1520000,2440000,43.6,-115,No,No,No,,,NorthernRockies,NorthernRockies,0.462644075,0.673864,0.006999262,50.35075397,63
11832,Id-210,Idaho,ID,-1490000,2430000,43.6,-114.6,No,No,No,,,NorthernRockies,NorthernRockies,0.518146381,0.707261658,0.014201278,48.04146825,63
11851,Id-202,Idaho,ID,-1210000,2380000,43.6,-111,No,No,No,,,NorthernRockies,NorthernRockies,0.526679806,0.763009896,0.121776082,61.745,4
11854,Id-302,Wyoming,WY,-1160000,2370000,43.5,-110.5,No,No,No,,,NorthernRockies,NorthernRockies,0.684581294,0.903260387,0.010391546,45.92527778,40
11855,Id-074,Wyoming,WY,-1150000,2370000,43.5,-110.3,Yes,Yes,Yes,Bait,Bait,NorthernRockies,NorthernRockies,0.241484545,0.611505554,0.01171103,51.06626984,40
11856,Id-218,Wyoming,WY,-1130000,2370000,43.5,-110.1,No,No,No,,,NorthernRockies,NorthernRockies,0.355868648,0.829583318,0.002367544,54.05849206,40
11857,Id-594,Wyoming,WY,-1120000,2370000,43.5,-109.9,No,No,No,,,NorthernRockies,NorthernRockies,0.896220297,0.929924,0.016490041,54.86996032,40
11953,Id-193,Idaho,ID,-1530000,2460000,43.7,-115.2,No,No,No,,,NorthernRockies,NorthernRockies,0.457451473,0.626110504,0.002127165,52.9506746,63
11954,Id-146,Idaho,ID,-1510000,2450000,43.7,-115,Yes,Yes,Yes,Bait,Bait,NorthernRockies,NorthernRockies,0.684196454,0.810993512,0.009713125,50.70908875,63
11955,Id-592,Idaho,ID,-1500000,2450000,43.7,-114.8,No,No,No,,,NorthernRockies,NorthernRockies,0.647200799,0.91255235,0.000854365,45.29777778,63
11956,Id-066,Idaho,ID,-1480000,2450000,43.7,-114.6,Yes,Yes,Yes,Bait,Bait,NorthernRockies,NorthernRockies,0.818473972,0.93218,0.010710207,44.41638889,63
11958,Id-002,Idaho,ID,-1450000,2440000,43.7,-114.2,Yes,Yes,Yes,Bait,Bait,NorthernRockies,NorthernRockies,0.390234316,0.614264,0.030513797,48.16063492,63
11959,Id-622,Idaho,ID,-1440000,2440000,43.7,-114,No,No,No,,,NorthernRockies,NorthernRockies,0.908596349,0.945212,0.002426616,43.0593254,63
11960,Id-385,Idaho,ID,-1420000,2440000,43.7,-113.8,No,No,No,,,NorthernRockies,NorthernRockies,0.912773315,0.94216,0.00316353,43.05845238,63
11976,Id-010,Wyoming,WY,-1190000,2390000,43.7,-110.9,Yes,Yes,Yes,Bait,Lure,NorthernRockies,NorthernRockies,0.874911486,0.917488,0.008602656,46.43964593,99
11978,Id-430,Wyoming,WY,-1160000,2390000,43.7,-110.5,No,No,No,,,NorthernRockies,NorthernRockies,0.503226143,0.809464,0.009532557,60.60522871,40
11979,Id-042,Wyoming,WY,-1140000,2390000,43.7,-110.3,Yes,Yes,Yes,Bait,Bait,NorthernRockies,NorthernRockies,0.762530951,0.983920064,0.002403463,59.79123016,40
11980,Id-442,Wyoming,WY,-1130000,2380000,43.7,-110.1,No,No,No,,,NorthernRockies,NorthernRockies,0.781911494,0.880255521,0.009057353,60.81190476,40
11981,Id-312,Wyoming,WY,-1110000,2380000,43.7,-109.9,No,No,No,,,NorthernRockies,NorthernRockies,0.549330598,0.553648,0.032557209,49.55623016,40
11985,Id-046,Wyoming,WY,-1060000,2370000,43.7,-109.2,Yes,Yes,No,Bait,,NorthernRockies,NorthernRockies,0.582362782,0.764624,0.0040982,36.5931746,99
12077,Id-296,Idaho,ID,-1520000,2470000,43.8,-115.2,No,No,No,,,NorthernRockies,NorthernRockies,0.453938664,0.637011644,0.008970962,45.74396825,63
12078,Id-194,Idaho,ID,-1510000,2470000,43.8,-115,No,No,No,,,NorthernRockies,NorthernRockies,0.9507303,0.970555882,0.001761105,45.84313492,63
12079,Id-496,Idaho,ID,-1500000,2460000,43.8,-114.8,No,No,No,,,NorthernRockies,NorthernRockies,0.969186558,0.987223949,0.015615462,48.58202381,63
12080,Id-426,Idaho,ID,-1480000,2460000,43.8,-114.6,No,No,No,,,NorthernRockies,NorthernRockies,0.783719413,0.856084,0.027226818,40.7972619,63
12081,Id-018,Idaho,ID,-1470000,2460000,43.8,-114.4,Yes,Yes,Yes,Bait,Bait,NorthernRockies,NorthernRockies,0.751076227,0.863704,0.01642686,43.84468254,63
12082,Id-416,Idaho,ID,-1450000,2460000,43.8,-114.2,No,No,No,,,NorthernRockies,NorthernRockies,0.782131275,0.929023716,0.01341941,42.95269841,63
12083,Id-034,Idaho,ID,-1440000,2450000,43.8,-114,Yes,Yes,Yes,Lure,Lure,NorthernRockies,NorthernRockies,0.589815509,0.830567322,0.006281186,33.14035714,63
12100,Id-421,Wyoming,WY,-1190000,2410000,43.8,-110.9,No,No,No,,,NorthernRockies,NorthernRockies,0.988751384,0.999848001,0.002027716,48.0522619,99
12103,Id-106,Wyoming,WY,-1140000,2400000,43.8,-110.3,Yes,Yes,Yes,Bait,Bait,NorthernRockies,NorthernRockies,0.385588036,0.579988,0.029428424,58.26551587,99
12104,Id-520,Wyoming,WY,-1130000,2400000,43.8,-110.1,No,No,No,,,NorthernRockies,NorthernRockies,0.955309072,0.990852,0.011846818,58.17297619,99
12105,Id-234,Wyoming,WY,-1110000,2390000,43.8,-109.9,No,No,No,,,NorthernRockies,NorthernRockies,0.959619307,0.982612,0.003936589,48.25373016,99
12106,Id-122,Wyoming,WY,-1100000,2390000,43.8,-109.7,Yes,Yes,Yes,Bait,Bait,NorthernRockies,NorthernRockies,0.960534259,0.983952128,0.001801886,42.16297619,99
12107,Id-058,Wyoming,WY,-1080000,2390000,43.8,-109.5,Yes,Yes,Yes,Bait,Bait,NorthernRockies,NorthernRockies,0.623864095,0.863748545,0.002773152,39.25519841,99
12108,Id-110,Wyoming,WY,-1070000,2390000,43.8,-109.4,Yes,Yes,Yes,Bait,Bait,NorthernRockies,NorthernRockies,0.961926303,0.994623978,0.001320166,39.43722222,99
12109,Id-583,Wyoming,WY,-1050000,2380000,43.8,-109.2,No,No,No,,,NorthernRockies,NorthernRockies,0.926054371,0.999928,0.000914744,35.23650794,99
12200,Id-065,Idaho,ID,-1540000,2490000,44,-115.4,Yes,Yes,Yes,Bait,Bait,NorthernRockies,NorthernRockies,0.464407402,0.721468,0.003923707,51.09451038,63
12201,Id-415,Idaho,ID,-1520000,2490000,44,-115.2,No,No,No,,,NorthernRockies,NorthernRockies,0.908915053,0.973236,0.000783096,46.56107143,63
12202,Id-130,Idaho,ID,-1510000,2480000,44,-115,Yes,Yes,Yes,Bait,Bait,NorthernRockies,NorthernRockies,0.970125365,0.996168015,0.001513772,40.98571429,63
12203,Id-297,Idaho,ID,-1490000,2480000,44,-114.8,No,No,No,,,NorthernRockies,NorthernRockies,0.55615529,0.657353371,0.0414479,53.38703535,63
12204,Id-618,Idaho,ID,-1480000,2480000,44,-114.6,No,No,No,,,NorthernRockies,NorthernRockies,0.861839776,0.985968,0.001989638,42.47619048,63
12205,Id-306,Idaho,ID,-1460000,2470000,44,-114.4,No,No,No,,,NorthernRockies,NorthernRockies,0.641955643,0.916012,0.0025052,38.03119048,63
12206,Id-082,Idaho,ID,-1450000,2470000,44,-114.2,Yes,Yes,Yes,Lure,Lure,NorthernRockies,NorthernRockies,0.273928022,0.608916,0.004776364,38.53375938,63
12210,Id-436,Idaho,ID,-1390000,2460000,44,-113.5,No,No,No,,,NorthernRockies,NorthernRockies,0.414887308,0.576812,0.016134662,28.05170635,24
12223,Id-038,Wyoming,WY,-1200000,2430000,44,-111,Yes,Yes,No,Bait,,NorthernRockies,NorthernRockies,0.496030492,0.505732,0.021479548,54.21611111,99
12224,Id-487,Wyoming,WY,-1180000,2420000,44,-110.8,No,No,No,,,NorthernRockies,NorthernRockies,0.982811867,0.999012004,0.000494058,52.82123016,99
12225,Id-329,Wyoming,WY,-1170000,2420000,44,-110.7,No,No,No,,,NorthernRockies,NorthernRockies,0.600843647,0.684437262,0.025238106,106.324513,99
12226,Id-090,Wyoming,WY,-1150000,2420000,44,-110.5,Yes,Yes,Yes,Bait,Bait,NorthernRockies,NorthernRockies,0.726516479,0.808132,0.004303412,66.64988095,99
12227,Id-170,Wyoming,WY,-1140000,2410000,43.9,-110.3,Yes,Yes,Yes,Bait,Bait,NorthernRockies,NorthernRockies,0.946804737,0.977747911,0.002363427,64.3434127,99
12228,Id-598,Wyoming,WY,-1120000,2410000,43.9,-110.1,No,No,No,,,NorthernRockies,NorthernRockies,0.993023972,0.999928001,0.001827203,52.99861073,99
12229,Id-320,Wyoming,WY,-1110000,2410000,43.9,-109.9,No,No,No,,,NorthernRockies,NorthernRockies,0.999731489,1,0.002020066,42.68015873,99
12230,Id-450,Wyoming,WY,-1090000,2410000,43.9,-109.7,No,No,No,,,NorthernRockies,NorthernRockies,0.830347171,0.987156051,0.001057936,42.29940096,99
12231,Id-628,Wyoming,WY,-1080000,2400000,43.9,-109.5,No,No,No,,,NorthernRockies,NorthernRockies,0.996661453,1,0.001128083,33.25638074,99
12232,Id-484,Wyoming,WY,-1060000,2400000,43.9,-109.3,No,No,No,,,NorthernRockies,NorthernRockies,0.92972457,0.999495998,0.002967935,31.12789683,99
12233,Id-284,Wyoming,WY,-1050000,2400000,43.9,-109.2,No,No,No,,,NorthernRockies,NorthernRockies,0.409300254,0.73623411,0.00897693,32.74496032,99
12324,Id-022,Idaho,ID,-1530000,2500000,44.1,-115.4,Yes,Yes,Yes,Bait,Bait,NorthernRockies,NorthernRockies,0.330127897,0.648328,0.017226679,48.93825397,63
12325,Id-037,Idaho,ID,-1520000,2500000,44.1,-115.2,Yes,Yes,Yes,Lure,Lure,NorthernRockies,NorthernRockies,0.623813506,0.803124,0.00466504,49.35349206,63
12326,Id-438,Idaho,ID,-1500000,2500000,44.1,-115,No,No,No,,,NorthernRockies,NorthernRockies,0.79702468,0.87936,0.007204836,45.47120232,63
12327,Id-588,Idaho,ID,-1490000,2490000,44.1,-114.8,No,No,No,,,NorthernRockies,NorthernRockies,0.504338636,0.780128879,0.024192713,47.52735351,63
12328,Id-376,Idaho,ID,-1480000,2490000,44.1,-114.6,No,No,No,,,NorthernRockies,NorthernRockies,0.861757812,0.982884,0.004183299,38.16670635,63
12333,Id-098,Idaho,ID,-1400000,2480000,44.1,-113.7,Yes,Yes,Yes,Bait,Lure,NorthernRockies,NorthernRockies,0.657388523,0.755524,0.002967698,30.36595238,24
12336,Id-316,Idaho,ID,-1360000,2470000,44.1,-113.1,No,No,No,,,NorthernRockies,NorthernRockies,0.522713521,0.680770554,0.003858377,26.67123016,24
12348,Id-118,Wyoming,WY,-1180000,2440000,44.1,-110.8,Yes,Yes,Yes,Bait,Bait,NorthernRockies,NorthernRockies,0.990470913,0.995588,0.002434956,65.90506605,99
12349,Id-182,Wyoming,WY,-1170000,2430000,44.1,-110.7,No,Yes,Yes,Bait,Bait,NorthernRockies,NorthernRockies,0.724244695,0.826343305,0.010365521,62.41170635,99
12350,Id-566,Wyoming,WY,-1150000,2430000,44.1,-110.5,No,No,No,,,NorthernRockies,NorthernRockies,0.935143105,0.992915972,0.001811697,62.90515873,99
12351,Id-250,Wyoming,WY,-1140000,2430000,44.1,-110.3,No,No,No,,,NorthernRockies,NorthernRockies,1,1,0.002391887,60.02674603,99
12352,Id-529,Wyoming,WY,-1120000,2430000,44.1,-110.1,No,No,No,,,NorthernRockies,NorthernRockies,0.915985596,0.94014,0.001697457,57.66539683,99
12353,Id-511,Wyoming,WY,-1110000,2420000,44.1,-109.9,No,No,No,,,NorthernRockies,NorthernRockies,1,1,0.000973971,50.78384921,99
12354,Id-354,Wyoming,WY,-1090000,2420000,44.1,-109.7,No,No,No,,,NorthernRockies,NorthernRockies,0.787702589,0.922936,0.001980528,42.17956349,99
12355,Id-400,Wyoming,WY,-1080000,2420000,44.1,-109.5,No,No,No,,,NorthernRockies,NorthernRockies,0.733247205,0.979507918,0.000827967,39.76440476,99
12356,Id-174,Wyoming,WY,-1060000,2420000,44.1,-109.3,Yes,Yes,Yes,Bait,Bait,NorthernRockies,NorthernRockies,0.330252173,0.740442962,0.007187847,38.45007937,4
12446,Id-604,Idaho,ID,-1560000,2520000,44.2,-115.7,No,No,No,,,NorthernRockies,NorthernRockies,0.555826906,0.69130153,0.013556329,56.00650974,63
12447,Id-270,Idaho,ID,-1550000,2520000,44.2,-115.5,No,No,No,,,NorthernRockies,NorthernRockies,0.603343845,0.860531442,0.006407768,49.41611111,63
12448,Id-537,Idaho,ID,-1530000,2520000,44.2,-115.4,No,No,No,,,NorthernRockies,NorthernRockies,0.715425534,0.889796,0.001460277,49.64742063,63
12449,Id-149,Idaho,ID,-1520000,2510000,44.2,-115.2,Yes,Yes,Yes,Bait,Bait,NorthernRockies,NorthernRockies,0.80351952,0.91786,0.00459104,48.47880952,63
12451,Id-213,Idaho,ID,-1490000,2510000,44.2,-114.8,No,No,No,,,NorthernRockies,NorthernRockies,0.410037843,0.75511102,0.013367405,43.65420635,63
12456,Id-181,Idaho,ID,-1410000,2500000,44.2,-113.9,No,No,No,,,NorthernRockies,NorthernRockies,0.446212917,0.580208,0.00980784,31.02420635,24
12470,Id-054,Idaho,ID,-1210000,2460000,44.2,-111.2,Yes,Yes,Yes,Bait,Lure,NorthernRockies,NorthernRockies,0.549360492,0.549308,0.019596576,60.75496032,6
12471,Id-278,Wyoming,WY,-1190000,2460000,44.2,-111,No,No,No,,,NorthernRockies,NorthernRockies,0.989257301,0.989244,0.002307211,64.00960317,99
12472,Id-367,Wyoming,WY,-1180000,2450000,44.2,-110.8,No,No,No,,,NorthernRockies,NorthernRockies,0.99781955,0.997835991,0.000129778,60.15813492,99
12473,Id-246,Wyoming,WY,-1160000,2450000,44.2,-110.6,No,No,No,,,NorthernRockies,NorthernRockies,0.97899625,0.999464002,0.004279832,60.20599206,99
12474,Id-408,Wyoming,WY,-1150000,2450000,44.2,-110.5,No,No,No,,,NorthernRockies,NorthernRockies,0.904639814,0.982168,5.45E-05,66.9915873,99
12475,Id-371,Wyoming,WY,-1130000,2440000,44.2,-110.3,No,No,No,,,NorthernRockies,NorthernRockies,0.996561154,0.996684027,2.79E-05,60.68690476,99
12476,Id-331,Wyoming,WY,-1120000,2440000,44.2,-110.1,No,No,No,,,NorthernRockies,NorthernRockies,1,1,0.000160538,56.08428571,99
12477,Id-275,Wyoming,WY,-1100000,2440000,44.2,-109.9,No,No,No,,,NorthernRockies,NorthernRockies,1,1,0.000965731,47.04694444,99
12478,Id-094,Wyoming,WY,-1090000,2440000,44.2,-109.7,Yes,Yes,Yes,Lure,Lure,NorthernRockies,NorthernRockies,0.834695313,0.946672,0.001786665,42.93944444,99
12479,Id-432,Wyoming,WY,-1070000,2430000,44.2,-109.5,No,No,No,,,NorthernRockies,NorthernRockies,0.258642256,0.557637769,0.028848626,32.3956746,4
12480,Id-553,Wyoming,WY,-1060000,2430000,44.2,-109.3,No,No,No,,,NorthernRockies,NorthernRockies,0.578274543,0.701213195,0.003389894,37.35071429,4
12492,Id-490,Wyoming,WY,-880000,2400000,44.1,-107.1,No,No,No,,,NorthernRockies,NorthernRockies,0.785254667,0.789107156,0.03202401,46.60257937,16
12570,Id-469,Idaho,ID,-1560000,2540000,44.4,-115.7,No,No,No,,,NorthernRockies,NorthernRockies,0.339923792,0.521044,0.052078438,56.77496032,63
12571,Id-578,Idaho,ID,-1540000,2530000,44.4,-115.6,No,No,No,,,NorthernRockies,NorthernRockies,0.767829417,0.877860489,0.008210235,52.94190476,63
12572,Id-198,Idaho,ID,-1530000,2530000,44.4,-115.4,No,No,No,,,NorthernRockies,NorthernRockies,0.979970093,0.999056,0.005238182,52.93396825,63
12573,Id-347,Idaho,ID,-1510000,2530000,44.4,-115.2,No,No,No,,,NorthernRockies,NorthernRockies,0.994942575,0.99968,0.012956232,49.30519841,63
12574,Id-547,Idaho,ID,-1500000,2530000,44.4,-115,No,No,No,,,NorthernRockies,NorthernRockies,0.914798181,0.993816,0.005127635,45.21880952,63
12575,Id-387,Idaho,ID,-1480000,2520000,44.4,-114.8,No,No,No,,,NorthernRockies,NorthernRockies,0.748425081,0.877644489,0.010065828,43.20053189,63
12576,Id-053,Idaho,ID,-1470000,2520000,44.4,-114.6,Yes,Yes,Yes,Bait,Bait,NorthernRockies,NorthernRockies,0.70937076,0.880672,0.032224165,42.52896825,63
12577,Id-447,Idaho,ID,-1460000,2520000,44.4,-114.4,No,No,No,,,NorthernRockies,NorthernRockies,0.549331359,0.714833141,0.011155808,42.61174603,26
12582,Id-601,Idaho,ID,-1380000,2510000,44.4,-113.5,No,No,No,,,NorthernRockies,NorthernRockies,0.49056526,0.760887044,0.005404791,38.99138889,24
12583,Id-362,Idaho,ID,-1370000,2500000,44.4,-113.3,No,No,No,,,NorthernRockies,NorthernRockies,0.466871398,0.624363005,0.013497165,39.21781746,24
12585,Id-173,Idaho,ID,-1340000,2500000,44.4,-112.9,Yes,Yes,Yes,Bait,Lure,NorthernRockies,NorthernRockies,0.654746528,0.831906655,0.011265244,37.87801587,4
12594,Id-289,Idaho,ID,-1200000,2470000,44.4,-111.2,No,No,No,,,NorthernRockies,NorthernRockies,0.587046705,0.587039304,0.019972673,56.81,6
12595,Id-611,Wyoming,WY,-1190000,2470000,44.4,-111,No,No,No,,,NorthernRockies,NorthernRockies,1,1,0.001232524,57.00952381,99
12596,Id-358,Wyoming,WY,-1170000,2470000,44.4,-110.8,No,No,No,,,NorthernRockies,NorthernRockies,0.992414826,0.992808,0.000895996,65.54285714,99
12597,Id-581,Wyoming,WY,-1160000,2460000,44.4,-110.6,No,No,No,,,NorthernRockies,NorthernRockies,0.998373812,0.998376,0.013863037,86.31206349,99
12598,Id-343,Wyoming,WY,-1150000,2460000,44.4,-110.5,No,No,No,,,NorthernRockies,NorthernRockies,0.845247858,0.893187573,0.002689597,85.48269841,99
12599,Id-142,Wyoming,WY,-1130000,2460000,44.4,-110.3,Yes,Yes,Yes,Lure,Lure,NorthernRockies,NorthernRockies,0.867256405,0.871977024,3.04E-05,150.9837698,99
12600,Id-186,Wyoming,WY,-1120000,2460000,44.3,-110.1,No,Yes,Yes,Lure,Lure,NorthernRockies,NorthernRockies,0.980505522,0.997332,0.000145311,50.73794308,99
12601,Id-030,Wyoming,WY,-1100000,2450000,44.3,-109.9,Yes,Yes,Yes,Bait,Bait,NorthernRockies,NorthernRockies,0.906430332,0.9932,0.00058609,43.56869048,99
12602,Id-158,Wyoming,WY,-1090000,2450000,44.3,-109.7,Yes,Yes,Yes,Bait,Bait,NorthernRockies,NorthernRockies,0.607406633,0.837564,0.000383439,40.18646825,99
12603,Id-473,Wyoming,WY,-1070000,2450000,44.3,-109.5,No,No,No,,,NorthernRockies,NorthernRockies,0.393617069,0.503445986,0.015489726,32.97123815,4
12615,Id-530,Wyoming,WY,-890000,2420000,44.3,-107.3,No,No,No,,,NorthernRockies,NorthernRockies,0.839866666,0.905436,0.01514188,50.49238095,16
12616,Id-187,Wyoming,WY,-880000,2410000,44.2,-107.1,No,Yes,Yes,Lure,Lure,NorthernRockies,NorthernRockies,0.906377181,0.907351259,0.011153185,37.27547619,16
12694,Id-214,Idaho,ID,-1560000,2550000,44.5,-115.7,No,No,No,,,NorthernRockies,NorthernRockies,0.670992336,0.810412,0.005415247,54.48519841,63
12695,Id-086,Idaho,ID,-1540000,2550000,44.5,-115.6,Yes,Yes,Yes,Bait,Bait,NorthernRockies,NorthernRockies,0.977255259,1,0.003449488,56.74948413,63
12696,Id-150,Idaho,ID,-1530000,2550000,44.5,-115.4,Yes,Yes,Yes,Bait,Bait,NorthernRockies,NorthernRockies,0.743428636,0.851929185,0.00324885,54.56531916,63
12697,Id-308,Idaho,ID,-1510000,2540000,44.5,-115.2,No,No,No,,,NorthernRockies,NorthernRockies,0.872397575,0.963063705,0.002203577,45.76334696,63
12698,Id-468,Idaho,ID,-1500000,2540000,44.5,-115,No,No,No,,,NorthernRockies,NorthernRockies,0.736694417,0.981120076,0.0044153,41.54877613,63
12699,Id-101,Idaho,ID,-1480000,2540000,44.5,-114.8,Yes,Yes,Yes,Bait,Bait,NorthernRockies,NorthernRockies,0.683214521,0.949312203,0.003182334,40.56484127,63
12700,Id-318,Idaho,ID,-1470000,2540000,44.5,-114.6,No,No,No,,,NorthernRockies,NorthernRockies,0.85745681,0.979371917,0.001991797,39.16789683,63
12701,Id-477,Idaho,ID,-1450000,2530000,44.5,-114.4,No,No,No,,,NorthernRockies,NorthernRockies,0.419941664,0.558039536,0.018222816,37.30126552,26
12705,Id-117,Idaho,ID,-1390000,2520000,44.5,-113.7,Yes,Yes,Yes,Bait,Bait,NorthernRockies,NorthernRockies,0.350665931,0.529209883,0.070135162,28.53555556,24
12706,Id-328,Idaho,ID,-1380000,2520000,44.5,-113.5,No,No,No,,,NorthernRockies,NorthernRockies,0.777423444,0.851307405,0.003238601,39.64563492,24
12714,Id-157,Idaho,ID,-1260000,2500000,44.5,-112,Yes,Yes,Yes,Bait,Lure,NorthernRockies,NorthernRockies,0.674984332,0.808669531,0.012933918,54.55634921,7
12715,Id-392,Idaho,ID,-1250000,2500000,44.5,-111.8,No,No,No,,,NorthernRockies,NorthernRockies,0.687662419,0.719785121,0.013241044,59.90223475,7
12716,Id-226,Idaho,ID,-1230000,2490000,44.5,-111.6,No,No,No,,,NorthernRockies,NorthernRockies,0.656432568,0.660357359,0.023336208,60.0991788,7
12718,Id-556,Idaho,ID,-1200000,2490000,44.5,-111.2,No,No,No,,,NorthernRockies,NorthernRockies,0.686492452,0.68646,0.02724044,57.63843377,6
12719,Id-230,Wyoming,WY,-1190000,2480000,44.5,-111,No,No,No,,,NorthernRockies,NorthernRockies,0.996841613,1,0.001758411,55.84281348,99
12720,Id-102,Wyoming,WY,-1170000,2480000,44.5,-110.8,Yes,Yes,Yes,Lure,Lure,NorthernRockies,NorthernRockies,0.671067292,0.759196963,0.017105677,46.86146946,99
12721,Id-478,Wyoming,WY,-1160000,2480000,44.5,-110.6,No,No,No,,,NorthernRockies,NorthernRockies,0.991015547,0.993324027,0.005496164,52.22238095,99
12722,Id-014,Wyoming,WY,-1140000,2480000,44.5,-110.5,Yes,Yes,Yes,Lure,Lure,NorthernRockies,NorthernRockies,0.77047971,0.770502164,0.012771655,153.8421429,99
12723,Id-303,Wyoming,WY,-1130000,2470000,44.5,-110.3,No,No,No,,,NorthernRockies,NorthernRockies,0.804886385,0.80489122,0.006594812,129.1471429,99
12724,Id-264,Wyoming,WY,-1110000,2470000,44.5,-110.1,No,No,No,,,NorthernRockies,NorthernRockies,0.909280096,0.982424,0.005977136,52.26846197,99
12725,Id-542,Wyoming,WY,-1100000,2470000,44.5,-109.9,No,No,No,,,NorthernRockies,NorthernRockies,0.401324128,0.733354933,0.01756577,46.1357123,99
12738,Id-451,Wyoming,WY,-910000,2430000,44.4,-107.4,No,No,No,,,NorthernRockies,NorthernRockies,0.532386253,0.688677245,0.008615847,47.32261905,16
12739,Id-559,Wyoming,WY,-890000,2430000,44.4,-107.2,No,No,No,,,NorthernRockies,NorthernRockies,1,1,0.001678704,36.45238095,16
12740,Id-123,Wyoming,WY,-880000,2430000,44.4,-107.1,Yes,Yes,Yes,Lure,Lure,NorthernRockies,NorthernRockies,0.728870512,0.739776,0.013763446,35.70238426,16
12818,Id-548,Idaho,ID,-1550000,2570000,44.6,-115.8,No,No,No,,,NorthernRockies,NorthernRockies,0.412568649,0.6513,0.022120788,50.08833333,63
12819,Id-608,Idaho,ID,-1540000,2560000,44.6,-115.6,No,No,No,,,NorthernRockies,NorthernRockies,0.927022208,0.989271957,0.010373541,52.36996032,63
12820,Id-348,Idaho,ID,-1520000,2560000,44.6,-115.4,No,No,No,,,NorthernRockies,NorthernRockies,0.846794825,0.948551794,0.003049232,49.67388889,63
12821,Id-085,Idaho,ID,-1510000,2560000,44.6,-115.2,Yes,Yes,Yes,Lure,Lure,NorthernRockies,NorthernRockies,0.43099658,0.725485804,0.000646456,47.28920635,26
12822,Id-269,Idaho,ID,-1490000,2560000,44.6,-115,No,No,No,,,NorthernRockies,NorthernRockies,0.379627192,0.73324,0.001816182,48.76480159,26
12823,Id-627,Idaho,ID,-1480000,2550000,44.6,-114.8,No,No,No,,,NorthernRockies,NorthernRockies,0.173659742,0.638064,0.002294405,38.12257937,26
12824,Id-516,Idaho,ID,-1460000,2550000,44.6,-114.6,No,No,No,,,NorthernRockies,NorthernRockies,0.287545763,0.709816,0.0015526,39.83194444,26
12825,Id-165,Idaho,ID,-1450000,2550000,44.6,-114.4,Yes,Yes,Yes,Bait,Lure,NorthernRockies,NorthernRockies,0.624210839,0.745902984,0.003922116,38.51746032,26
12829,Id-527,Idaho,ID,-1390000,2540000,44.7,-113.7,No,No,No,,,NorthernRockies,NorthernRockies,0.743663099,0.842808629,0.002968929,38.35472222,24
12842,Id-470,Montana,MT,-1200000,2500000,44.6,-111.2,No,No,No,,,NorthernRockies,NorthernRockies,0.492696006,0.525558102,0.057002086,55.32880952,6
12843,Id-155,Wyoming,WY,-1180000,2500000,44.6,-111,Yes,Yes,Yes,Lure,Lure,NorthernRockies,NorthernRockies,0.374658542,0.550028,0.025588041,45.91496032,6
12844,Id-550,Wyoming,WY,-1170000,2500000,44.6,-110.8,No,No,No,,,NorthernRockies,NorthernRockies,0.283691058,0.788344847,0.016800502,42.49206349,99
12845,Id-166,Wyoming,WY,-1150000,2490000,44.6,-110.6,Yes,Yes,Yes,Lure,Lure,NorthernRockies,NorthernRockies,0.797608481,0.889192,0.001348127,48.63577184,99
12846,Id-410,Wyoming,WY,-1140000,2490000,44.6,-110.4,No,No,No,,,NorthernRockies,NorthernRockies,0.876134932,0.876292,0.0122544,55.23706349,99
12847,Id-078,Wyoming,WY,-1130000,2490000,44.6,-110.3,Yes,Yes,Yes,Lure,Lure,NorthernRockies,NorthernRockies,0.973061785,0.974896,0.000977472,60.67019841,99
12848,Id-423,Wyoming,WY,-1110000,2490000,44.6,-110.1,No,No,No,,,NorthernRockies,NorthernRockies,0.862315277,0.910712357,0.000699877,54.83281746,99
12849,Id-502,Wyoming,WY,-1100000,2480000,44.6,-109.9,No,No,No,,,NorthernRockies,NorthernRockies,0.937698448,0.946264,0.000831116,45.42266037,99
12850,Id-206,Wyoming,WY,-1080000,2480000,44.6,-109.7,No,No,No,,,NorthernRockies,NorthernRockies,0.799085843,0.966240135,0.001646176,37.16785714,99
12851,Id-222,Wyoming,WY,-1070000,2480000,44.6,-109.5,No,No,No,,,NorthernRockies,NorthernRockies,0.725667102,0.789448,0.002421641,41.10367959,99
12862,Id-401,Wyoming,WY,-900000,2450000,44.5,-107.4,No,No,No,,,NorthernRockies,NorthernRockies,0.93363993,0.993268,0.014785019,51.3943254,16
12863,Id-059,Wyoming,WY,-890000,2450000,44.5,-107.2,Yes,Yes,Yes,Lure,Lure,NorthernRockies,NorthernRockies,0.977969153,0.978152,0.023390933,40.72202381,16
12864,Id-332,Wyoming,WY,-870000,2440000,44.5,-107,No,No,No,,,NorthernRockies,NorthernRockies,0.794755912,0.795272,0.016226452,34.59718254,16
12937,Id-339,Idaho,ID,-1620000,2600000,44.7,-116.7,No,No,No,,,NorthernRockies,NorthernRockies,0.582516429,0.582424,0.01471626,55.72781746,12
12942,Id-242,Idaho,ID,-1550000,2580000,44.8,-115.8,No,No,No,,,NorthernRockies,NorthernRockies,0.613952848,0.803423214,0.003288285,48.25924603,63
12943,Id-524,Idaho,ID,-1540000,2580000,44.8,-115.6,No,No,No,,,NorthernRockies,NorthernRockies,0.768937083,0.932952268,0.004140163,49.26257937,63
12944,Id-069,Idaho,ID,-1520000,2580000,44.8,-115.4,Yes,Yes,Yes,Bait,Bait,NorthernRockies,NorthernRockies,0.907254374,0.986916052,0.001968301,48.91761905,63
12945,Id-457,Idaho,ID,-1510000,2570000,44.8,-115.2,No,No,No,,,NorthernRockies,NorthernRockies,0.315718633,0.649468,0.000383866,45.08805556,26
12948,Id-398,Idaho,ID,-1460000,2570000,44.8,-114.6,No,No,No,,,NorthernRockies,NorthernRockies,0.489310052,0.848932604,0.002414092,41.88388889,26
12949,Id-229,Idaho,ID,-1450000,2560000,44.8,-114.4,No,No,No,,,NorthernRockies,NorthernRockies,0.413563188,0.600558402,0.003364475,37.59900794,26
12952,Id-245,Idaho,ID,-1400000,2550000,44.8,-113.9,No,No,No,,,NorthernRockies,NorthernRockies,0.568460207,0.684088,0.00421404,36.77418971,24
12956,Id-283,Montana,MT,-1340000,2540000,44.8,-113.1,No,No,No,,,NorthernRockies,NorthernRockies,0.30975294,0.528661885,0.008833878,40.55980159,24
12961,Id-221,Montana,MT,-1270000,2530000,44.8,-112.1,No,No,No,,,NorthernRockies,NorthernRockies,0.654950633,0.781096876,0.002441776,57.39154762,7
12963,Id-552,Montana,MT,-1240000,2520000,44.8,-111.8,No,No,No,,,NorthernRockies,NorthernRockies,0.585762769,0.719734242,0.003254756,57.1968254,7
12965,Id-391,Montana,MT,-1210000,2520000,44.8,-111.4,No,No,No,,,NorthernRockies,NorthernRockies,0.574977469,0.734677061,0.047949535,54.29619048,99
12968,Id-043,Wyoming,WY,-1170000,2510000,44.8,-110.8,Yes,Yes,Yes,Lure,Lure,NorthernRockies,NorthernRockies,0.85656289,0.959528324,0.005507187,50.30087302,99
12969,Id-107,Wyoming,WY,-1150000,2510000,44.8,-110.6,Yes,Yes,Yes,Lure,Lure,NorthernRockies,NorthernRockies,0.947839826,0.966436,0.012735115,51.86869048,99
12970,Id-479,Wyoming,WY,-1140000,2510000,44.8,-110.4,No,No,No,,,NorthernRockies,NorthernRockies,0.833172421,0.967588,0.013469256,51.61190476,99
12971,Id-167,Wyoming,WY,-1120000,2500000,44.8,-110.2,Yes,Yes,Yes,Lure,Lure,NorthernRockies,NorthernRockies,0.953721184,0.981872,7.99E-05,55.39051587,99
12972,Id-215,Wyoming,WY,-1110000,2500000,44.8,-110.1,No,No,No,,,NorthernRockies,NorthernRockies,0.726807389,0.780644,4.67E-05,55.62103175,99
12973,Id-549,Wyoming,WY,-1090000,2500000,44.7,-109.9,No,No,No,,,NorthernRockies,NorthernRockies,0.950525786,0.99436,0.000451236,51.24007937,99
12974,Id-279,Wyoming,WY,-1080000,2500000,44.7,-109.7,No,No,No,,,NorthernRockies,NorthernRockies,0.434845568,0.72761309,0.002792531,45.09392857,99
12985,Id-521,Wyoming,WY,-920000,2470000,44.7,-107.6,No,No,No,,,NorthernRockies,NorthernRockies,0.834892694,0.951644,0.018132178,52.59623016,16
12986,Id-481,Wyoming,WY,-900000,2460000,44.7,-107.4,No,No,No,,,NorthernRockies,NorthernRockies,0.994392269,0.995188,0.020348593,45.81316239,16
13065,Id-114,Idaho,ID,-1560000,2600000,44.9,-116,Yes,Yes,Yes,Bait,Bait,NorthernRockies,NorthernRockies,0.658199943,0.763121895,0.082384938,60.74309524,12
13067,Id-564,Idaho,ID,-1530000,2590000,44.9,-115.6,No,No,No,,,NorthernRockies,NorthernRockies,0.326117706,0.74924,0.014698948,45.22468254,63
13068,Id-536,Idaho,ID,-1520000,2590000,44.9,-115.4,No,No,No,,,NorthernRockies,NorthernRockies,0.681202086,0.940736,0.004964818,49.63734127,63
13069,Id-574,Idaho,ID,-1500000,2590000,44.9,-115.2,No,No,No,,,NorthernRockies,NorthernRockies,0.653045499,0.95076,0.002500021,42.83674603,63
13070,Id-133,Idaho,ID,-1490000,2590000,44.9,-115,Yes,Yes,Yes,Lure,Lure,NorthernRockies,NorthernRockies,0.349819297,0.860460558,0.000143553,43.7075775,63
13073,Id-177,Idaho,ID,-1440000,2580000,44.9,-114.4,Yes,Yes,Yes,Bait,Bait,NorthernRockies,NorthernRockies,0.165180334,0.5250019,0.009163208,39.14527778,26
13074,Id-485,Idaho,ID,-1430000,2570000,44.9,-114.2,No,No,No,,,NorthernRockies,NorthernRockies,0.598133603,0.725721097,0.004454596,42.78002142,26
13087,Id-472,Montana,MT,-1240000,2540000,44.9,-111.8,No,No,No,,,NorthernRockies,NorthernRockies,0.81796278,0.956043824,0.004822964,52.9509127,7
13089,Id-539,Montana,MT,-1210000,2530000,44.9,-111.4,No,No,No,,,NorthernRockies,NorthernRockies,0.831007215,0.923292614,0.023406354,51.46789683,99
13090,Id-351,Montana,MT,-1190000,2530000,44.9,-111.2,No,No,No,,,NorthernRockies,NorthernRockies,0.978743287,0.999896,0.002480117,56.28503968,99
13091,Id-281,Wyoming,WY,-1180000,2530000,44.9,-111,No,No,No,,,NorthernRockies,NorthernRockies,0.979153472,0.982932068,0.006278366,57.69246032,99
13092,Id-321,Wyoming,WY,-1160000,2530000,44.9,-110.8,No,No,No,,,NorthernRockies,NorthernRockies,0.704887456,0.732274929,0.0094608,53.17213472,99
13096,Id-103,Wyoming,WY,-1100000,2520000,44.9,-110.1,Yes,Yes,Yes,Lure,Lure,NorthernRockies,NorthernRockies,0.69319883,0.767696929,0.002315009,55.23333333,99
13097,Id-039,Wyoming,WY,-1090000,2510000,44.9,-109.9,Yes,Yes,Yes,Bait,Bait,NorthernRockies,NorthernRockies,0.877186212,0.970283762,0.002744382,49.4190873,99
13099,Id-497,Wyoming,WY,-1060000,2510000,44.9,-109.5,No,No,No,,,NorthernRockies,NorthernRockies,0.615765658,0.726626907,0.014147222,52.11650794,99
13108,Id-363,Wyoming,WY,-930000,2480000,44.8,-107.8,No,No,No,,,NorthernRockies,NorthernRockies,0.942479243,0.992671971,0.028411695,55.41539683,16
13109,Id-171,Wyoming,WY,-910000,2480000,44.8,-107.6,Yes,Yes,Yes,Lure,Lure,NorthernRockies,NorthernRockies,0.680990833,0.780304,0.029420428,50.56075397,16
13110,Id-235,Wyoming,WY,-900000,2480000,44.8,-107.4,No,No,No,,,NorthernRockies,NorthernRockies,0.569675347,0.616374465,0.040344124,40.61361111,16
13188,Id-366,Idaho,ID,-1570000,2620000,45,-116.1,No,No,No,,,NorthernRockies,NorthernRockies,0.734852228,0.746424,0.084148517,62.70107143,12
13189,Id-178,Idaho,ID,-1560000,2610000,45,-116,Yes,Yes,Yes,Bait,Bait,NorthernRockies,NorthernRockies,0.997136191,0.999447998,0.009214791,58.52357143,12
13191,Id-458,Idaho,ID,-1530000,2610000,45,-115.6,No,No,No,,,NorthernRockies,NorthernRockies,0.511990798,0.726925092,0.00093591,43.10793651,63
13192,Id-378,Idaho,ID,-1520000,2610000,45,-115.4,No,No,No,,,NorthernRockies,NorthernRockies,0.888623903,0.953315813,0.003170624,47.76242063,63
13193,Id-197,Idaho,ID,-1500000,2600000,45,-115.2,No,No,No,,,NorthernRockies,NorthernRockies,0.604266481,0.815692,0.000560471,41.88713453,63
13194,Id-338,Idaho,ID,-1490000,2600000,45,-115,No,No,No,,,NorthernRockies,NorthernRockies,0.255513068,0.623390494,0.000158223,42.92894852,63
13196,Id-021,Idaho,ID,-1460000,2600000,45.1,-114.6,Yes,Yes,Yes,Lure,Lure,NorthernRockies,NorthernRockies,0.481949603,0.688105505,0.000734018,40.2515873,26
13197,Id-365,Idaho,ID,-1440000,2590000,45.1,-114.4,No,No,No,,,NorthernRockies,NorthernRockies,0.356357811,0.758444,0.005451065,43.84944444,26
13202,Id-061,Idaho,ID,-1370000,2580000,45.1,-113.5,Yes,Yes,Yes,Bait,Bait,NorthernRockies,NorthernRockies,0.419089677,0.53003012,0.028602291,40.78579365,24
13213,Id-027,Montana,MT,-1210000,2550000,45,-111.4,Yes,Yes,Yes,Bait,Lure,NorthernRockies,NorthernRockies,0.769300927,0.928972,0.008244964,51.20920635,99
13214,Id-203,Montana,MT,-1190000,2550000,45,-111.2,No,No,No,,,NorthernRockies,NorthernRockies,0.32064369,0.782923132,0.015034999,53.20313492,15
13215,Id-340,Montana,MT,-1180000,2540000,45,-111,No,No,No,,,NorthernRockies,NorthernRockies,0.841910044,0.981407926,0.002449111,56.3856746,99
13218,Id-231,Montana,MT,-1130000,2540000,45,-110.4,No,No,No,,,NorthernRockies,NorthernRockies,0.586890109,0.689436,0.001894119,57.2809127,99
13219,Id-585,Montana,MT,-1120000,2530000,45,-110.2,No,No,No,,,NorthernRockies,NorthernRockies,0.661228996,0.692329231,0.002762989,60.71968254,99
13220,Id-439,Montana,MT,-1100000,2530000,45,-110,No,No,No,,,NorthernRockies,NorthernRockies,0.923509307,0.949055796,0.010403572,54.24373016,99
13221,Id-349,Montana,MT,-1090000,2530000,45,-109.9,No,No,No,,,NorthernRockies,NorthernRockies,0.819941069,0.88344,0.019598907,55.25468254,99
13222,Id-507,Montana,MT,-1070000,2520000,45,-109.7,No,No,No,,,NorthernRockies,NorthernRockies,0.938067804,0.987740049,0.004978555,46.68626984,99
13223,Id-135,Montana,MT,-1060000,2520000,45,-109.5,Yes,Yes,Yes,Bait,Lure,NorthernRockies,NorthernRockies,0.919624307,0.965888136,0.023844028,46.72892857,99
13232,Id-023,Wyoming,WY,-930000,2500000,44.9,-107.8,Yes,Yes,Yes,Lure,Lure,NorthernRockies,NorthernRockies,0.5516105,0.628917484,0.005055673,46.89920635,16
13310,Id-134,Idaho,ID,-1600000,2640000,45.2,-116.5,Yes,Yes,Yes,Lure,Lure,NorthernRockies,NorthernRockies,0.77661329,0.8296,0.00881317,58.31099206,12
13312,Id-325,Idaho,ID,-1570000,2630000,45.2,-116.2,No,No,No,,,NorthernRockies,NorthernRockies,0.932346449,0.976191905,0.009647273,63.25570595,12
13313,Id-260,Idaho,ID,-1560000,2630000,45.2,-116,No,No,No,,,NorthernRockies,NorthernRockies,0.963338606,0.987200051,0.009607621,60.48375451,12
13314,Id-006,Idaho,ID,-1540000,2630000,45.2,-115.8,Yes,Yes,Yes,Bait,Bait,NorthernRockies,NorthernRockies,0.741017488,0.863508,0.002929941,51.32777778,12
13316,Id-005,Idaho,ID,-1510000,2620000,45.2,-115.4,Yes,Yes,Yes,Lure,Lure,NorthernRockies,NorthernRockies,0.746536988,0.848440606,0.007131109,47.93920635,63
13320,Id-241,Idaho,ID,-1450000,2610000,45.2,-114.6,No,No,No,,,NorthernRockies,NorthernRockies,0.507840793,0.60786,0.001835443,37.57464286,26
13325,Id-225,Idaho,ID,-1380000,2600000,45.2,-113.7,No,No,No,,,NorthernRockies,NorthernRockies,0.514191893,0.579339365,0.029296127,39.02150794,24
13326,Id-452,Montana,MT,-1370000,2590000,45.2,-113.5,No,No,No,,,NorthernRockies,NorthernRockies,0.702477968,0.722109112,0.010425604,41.50126984,24
13327,Id-561,Montana,MT,-1350000,2590000,45.2,-113.3,No,No,No,,,NorthernRockies,NorthernRockies,0.621483131,0.676450706,0.004264702,44.79116912,24
13334,Id-093,Montana,MT,-1250000,2570000,45.2,-112,Yes,Yes,Yes,Bait,Lure,NorthernRockies,NorthernRockies,0.521249983,0.633917464,0.015191816,48.35104989,15
13336,Id-313,Montana,MT,-1220000,2570000,45.2,-111.6,No,No,No,,,NorthernRockies,NorthernRockies,0.322720556,0.513841945,0.065782154,42.87309081,15
13337,Id-091,Montana,MT,-1200000,2560000,45.2,-111.4,Yes,Yes,Yes,Bait,Lure,NorthernRockies,NorthernRockies,0.802331583,0.893136,0.048701938,54.43218254,99
13338,Id-272,Montana,MT,-1190000,2560000,45.2,-111.2,No,No,No,,,NorthernRockies,NorthernRockies,0.496003679,0.799520802,0.036188712,52.12015873,15
13339,Id-605,Montana,MT,-1170000,2560000,45.2,-111,No,No,No,,,NorthernRockies,NorthernRockies,0.403522646,0.57946,0.038253221,50.42015873,15
13341,Id-055,Montana,MT,-1140000,2550000,45.2,-110.6,Yes,Yes,Yes,Bait,Lure,NorthernRockies,NorthernRockies,0.951343005,0.993776025,0.001350847,51.09685096,99
13342,Id-557,Montana,MT,-1130000,2550000,45.2,-110.4,No,No,No,,,NorthernRockies,NorthernRockies,0.985370765,0.998863995,0.001340795,58.08845238,99
13343,Id-119,Montana,MT,-1110000,2550000,45.2,-110.2,Yes,Yes,Yes,Bait,Lure,NorthernRockies,NorthernRockies,0.980893667,0.982296071,0.001579922,55.5002381,99
13344,Id-087,Montana,MT,-1100000,2540000,45.2,-110,Yes,Yes,Yes,Bait,Lure,NorthernRockies,NorthernRockies,0.923314158,0.930172279,0.001849322,51.82006907,99
13345,Id-151,Montana,MT,-1080000,2540000,45.2,-109.9,Yes,Yes,Yes,Bait,Lure,NorthernRockies,NorthernRockies,1,1,0.001796653,33.97241297,99
13346,Id-199,Montana,MT,-1070000,2540000,45.1,-109.7,No,No,No,,,NorthernRockies,NorthernRockies,0.944313199,0.956488,0.004046292,35.92656802,99
13347,Id-379,Montana,MT,-1060000,2540000,45.1,-109.5,No,No,No,,,NorthernRockies,NorthernRockies,0.903580472,0.980808,0.009665446,42.20765873,99
13434,Id-445,Idaho,ID,-1600000,2650000,45.3,-116.5,No,No,No,,,NorthernRockies,NorthernRockies,0.507067416,0.535987712,0.001557272,48.5643254,12
13436,Id-395,Idaho,ID,-1570000,2650000,45.3,-116.2,No,No,No,,,NorthernRockies,NorthernRockies,0.687978069,0.805852777,0.003378643,54.17134921,12
13437,Id-417,Idaho,ID,-1550000,2640000,45.3,-116,No,No,No,,,NorthernRockies,NorthernRockies,0.68714082,0.799483198,0.003773989,50.54365079,12
13438,Id-070,Idaho,ID,-1540000,2640000,45.3,-115.8,Yes,Yes,Yes,Bait,Bait,NorthernRockies,NorthernRockies,0.55641463,0.668365327,0.013228751,51.83730159,12
13440,Id-259,Idaho,ID,-1510000,2640000,45.3,-115.4,No,No,No,,,NorthernRockies,NorthernRockies,0.599848367,0.664037344,0.001032619,50.20031746,63
13443,Id-563,Idaho,ID,-1470000,2630000,45.3,-114.8,No,No,No,,,NorthernRockies,NorthernRockies,0.52289045,0.557149771,0.000691314,47.5281746,26
13449,Id-286,Montana,MT,-1380000,2610000,45.3,-113.7,No,No,No,,,NorthernRockies,NorthernRockies,0.807783215,0.855292579,0.004156852,40.67297619,24
13460,Id-247,Montana,MT,-1210000,2580000,45.3,-111.6,No,No,No,,,NorthernRockies,NorthernRockies,0.272754247,0.524844,0.068864029,40.94732664,15
13461,Id-261,Montana,MT,-1200000,2580000,45.3,-111.4,No,No,No,,,NorthernRockies,NorthernRockies,0.791967956,0.852875412,0.131700434,48.35150794,15
13462,Id-011,Montana,MT,-1190000,2580000,45.3,-111.2,Yes,Yes,Yes,Bait,Lure,NorthernRockies,NorthernRockies,0.548946721,0.799124,0.045831496,47.68611111,15
13463,Id-139,Montana,MT,-1170000,2570000,45.3,-111,Yes,Yes,Yes,Bait,Lure,NorthernRockies,NorthernRockies,0.545100687,0.831984,0.011482067,49.11305556,15
13465,Id-290,Montana,MT,-1140000,2570000,45.3,-110.6,No,No,No,,,NorthernRockies,NorthernRockies,0.365197674,0.695070439,0.036300169,43.65907196,99
13466,Id-359,Montana,MT,-1130000,2570000,45.3,-110.4,No,No,No,,,NorthernRockies,NorthernRockies,0.811450996,0.960931531,0.002611462,52.56623016,99
13467,Id-517,Montana,MT,-1110000,2560000,45.3,-110.2,No,No,No,,,NorthernRockies,NorthernRockies,0.864694789,0.942007768,0.005437759,48.23730159,99
13468,Id-427,Montana,MT,-1100000,2560000,45.3,-110,No,No,No,,,NorthernRockies,NorthernRockies,0.835335638,0.891308,0.001133947,43.21462292,99
13469,Id-309,Montana,MT,-1080000,2560000,45.3,-109.8,No,No,No,,,NorthernRockies,NorthernRockies,0.914588115,0.92196,0.00992555,37.80313492,99
13569,Id-355,Idaho,ID,-1430000,2640000,45.5,-114.4,No,No,No,,,NorthernRockies,NorthernRockies,0.572753846,0.666893335,0.005066335,45.01242063,26
13573,Id-049,Montana,MT,-1370000,2630000,45.5,-113.7,Yes,Yes,Yes,Bait,Lure,NorthernRockies,NorthernRockies,0.493872476,0.504697981,0.008428695,41.9918254,24
13575,Id-531,Montana,MT,-1340000,2620000,45.5,-113.3,No,No,No,,,NorthernRockies,NorthernRockies,0.733377713,0.836031344,0.005773093,43.27487794,12
13576,Id-492,Montana,MT,-1330000,2620000,45.5,-113.1,No,No,No,,,NorthernRockies,NorthernRockies,0.785934039,0.831527326,0.023501915,44.18988095,12
13577,Id-333,Montana,MT,-1320000,2610000,45.5,-112.9,No,No,No,,,NorthernRockies,NorthernRockies,0.58653651,0.667096,0.013440935,34.95413972,12
13582,Id-579,Montana,MT,-1240000,2600000,45.5,-111.9,No,No,No,,,NorthernRockies,NorthernRockies,0.65658924,0.675169401,0.017386648,51.36123016,15
13585,Id-567,Montana,MT,-1200000,2590000,45.5,-111.4,No,No,No,,,NorthernRockies,NorthernRockies,0.474336474,0.574116,0.022938983,47.15547619,15
13586,Id-075,Montana,MT,-1180000,2590000,45.4,-111.2,Yes,Yes,Yes,Bait,Lure,NorthernRockies,NorthernRockies,0.446404836,0.654692,0.060743831,46.42563492,15
13587,Id-461,Montana,MT,-1170000,2590000,45.4,-111,No,No,No,,,NorthernRockies,NorthernRockies,0.87821788,0.958915507,0.016933376,47.97027778,15
13590,Id-183,Montana,MT,-1120000,2580000,45.4,-110.4,No,No,No,,,NorthernRockies,NorthernRockies,0.936378912,0.969780121,0.000660873,44.58575397,99
13591,Id-368,Montana,MT,-1110000,2580000,45.4,-110.2,No,No,No,,,NorthernRockies,NorthernRockies,0.726376005,0.819336723,0.011905295,41.63146825,99
13592,Id-488,Montana,MT,-1090000,2570000,45.4,-110,No,No,No,,,NorthernRockies,NorthernRockies,0.722008556,0.80064,0.003309868,43.33428571,99
13685,Id-050,Idaho,ID,-1550000,2670000,45.6,-116,Yes,Yes,Yes,Bait,Lure,NorthernRockies,NorthernRockies,0.628708015,0.642989428,0.009626734,44.87678571,3
13686,Id-287,Idaho,ID,-1530000,2670000,45.6,-115.8,No,No,No,,,NorthernRockies,NorthernRockies,0.780939707,0.818914551,0.002371049,49.45233467,3
13687,Id-590,Idaho,ID,-1520000,2670000,45.6,-115.6,No,No,No,,,NorthernRockies,NorthernRockies,0.678277894,0.703332,0.004924199,48.25075397,3
13690,Id-301,Idaho,ID,-1480000,2660000,45.6,-115,No,No,No,,,NorthernRockies,NorthernRockies,0.483397575,0.57582,0.000502397,50.70555556,26
13691,Id-420,Idaho,ID,-1460000,2660000,45.6,-114.8,No,No,No,,,NorthernRockies,NorthernRockies,0.735293965,0.842072,0.001477114,51.93321429,26
13692,Id-057,Idaho,ID,-1450000,2650000,45.6,-114.6,Yes,Yes,Yes,Bait,Lure,NorthernRockies,NorthernRockies,0.44188218,0.614628,0.000625471,47.24603175,26
13693,Id-558,Montana,MT,-1430000,2650000,45.6,-114.4,No,No,No,,,NorthernRockies,NorthernRockies,0.603677947,0.83794,0.002537002,44.28162698,26
13695,Id-121,Idaho,ID,-1400000,2650000,45.6,-114.1,Yes,Yes,Yes,Bait,Bait,NorthernRockies,NorthernRockies,0.457041945,0.68106,0.008202787,47.13119048,4
13696,Id-554,Idaho,ID,-1390000,2640000,45.6,-113.9,No,No,No,,,NorthernRockies,NorthernRockies,0.369899214,0.511618046,0.01626418,42.96345238,4
13699,Id-253,Montana,MT,-1340000,2640000,45.6,-113.3,No,No,No,,,NorthernRockies,NorthernRockies,0.690960555,0.791700833,0.005131153,41.46626984,12
13700,Id-125,Montana,MT,-1330000,2630000,45.6,-113.1,Yes,Yes,Yes,Bait,Lure,NorthernRockies,NorthernRockies,0.584055636,0.794676821,0.009366376,39.4902381,12
13701,Id-189,Montana,MT,-1310000,2630000,45.6,-112.9,No,No,No,,,NorthernRockies,NorthernRockies,0.682802023,0.784708,0.009725272,39.77436508,12
13705,Id-029,Montana,MT,-1250000,2620000,45.6,-112.1,Yes,Yes,Yes,Bait,Lure,NorthernRockies,NorthernRockies,0.561166764,0.693881224,0.028188171,37.15670635,15
13706,Id-274,Montana,MT,-1240000,2620000,45.6,-111.9,No,No,No,,,NorthernRockies,NorthernRockies,0.811614764,0.821672713,0.029563106,45.21769841,15
13813,Id-137,Idaho,ID,-1490000,2680000,45.7,-115.2,Yes,Yes,Yes,Bait,Lure,NorthernRockies,NorthernRockies,0.759003605,0.759197926,0.008977904,44.85857143,26
13814,Id-073,Idaho,ID,-1470000,2670000,45.7,-115,Yes,Yes,Yes,Bait,Lure,NorthernRockies,NorthernRockies,0.721297064,0.745676,0.003119381,51.35684516,26
13817,Id-292,Montana,MT,-1430000,2670000,45.7,-114.4,No,No,No,,,NorthernRockies,NorthernRockies,0.263954889,0.503340027,0.004592891,44.24790733,26
13819,Id-489,Montana,MT,-1400000,2660000,45.7,-114.1,No,No,No,,,NorthernRockies,NorthernRockies,0.5001792,0.75500098,0.004403649,50.28496032,4
13820,Id-185,Montana,MT,-1380000,2660000,45.7,-113.9,No,No,No,,,NorthernRockies,NorthernRockies,0.718303034,0.765732,0.026204309,52.02437185,4
13824,Id-276,Montana,MT,-1320000,2650000,45.7,-113.1,No,No,No,,,NorthernRockies,NorthernRockies,0.50419004,0.666842665,0.020336985,37.91551587,12
13938,Id-631,Idaho,ID,-1470000,2690000,45.9,-115,No,No,No,,,NorthernRockies,NorthernRockies,0.642879596,0.653991848,0.001673624,48.33390227,26
13941,Id-449,Idaho,ID,-1430000,2680000,45.9,-114.4,No,No,No,,,NorthernRockies,NorthernRockies,0.902482803,0.939396,0.000360401,51.72738095,41
13945,Id-465,Montana,MT,-1370000,2670000,45.9,-113.7,No,No,No,,,NorthernRockies,NorthernRockies,0.548088979,0.7002,0.014177386,50.41416667,10
13946,Id-345,Montana,MT,-1350000,2670000,45.9,-113.5,No,No,No,,,NorthernRockies,NorthernRockies,0.498621743,0.673477306,0.004843474,44.5315873,10
13949,Id-033,Montana,MT,-1310000,2660000,45.9,-112.9,Yes,Yes,Yes,Bait,Lure,NorthernRockies,NorthernRockies,0.463903714,0.53259413,0.024370091,44.93916667,12
14062,Id-009,Idaho,ID,-1470000,2700000,46,-115,Yes,Yes,Yes,Lure,Lure,NorthernRockies,NorthernRockies,0.781372699,0.792999172,0.00043798,51.31364304,26
14064,Id-105,Idaho,ID,-1440000,2700000,46,-114.6,Yes,Yes,Yes,Lure,Lure,NorthernRockies,NorthernRockies,0.573104806,0.68904,0.000158059,48.69253968,41
14065,Id-441,Montana,MT,-1420000,2700000,46,-114.4,No,No,No,,,NorthernRockies,NorthernRockies,0.913615546,0.927464,0.00317982,54.78301587,41
14069,Id-435,Montana,MT,-1360000,2680000,46,-113.7,No,No,No,,,NorthernRockies,NorthernRockies,0.650332465,0.787828849,0.005879631,44.67261905,10
14070,Id-145,Montana,MT,-1350000,2680000,46,-113.5,Yes,Yes,Yes,Bait,Lure,NorthernRockies,NorthernRockies,0.789532268,0.904312,0.006911738,41.34202381,10
14071,Id-504,Montana,MT,-1330000,2680000,46,-113.3,No,No,No,,,NorthernRockies,NorthernRockies,0.793296471,0.901491606,0.002858577,42.01555124,10
14185,Id-429,Idaho,ID,-1480000,2720000,46.1,-115.2,No,No,No,,,NorthernRockies,NorthernRockies,0.555872462,0.561328,0.001483924,59.52452381,41
14188,Id-169,Idaho,ID,-1430000,2710000,46.1,-114.6,Yes,Yes,Yes,Bait,Lure,NorthernRockies,NorthernRockies,0.756622681,0.855452578,0.000335441,60.17392857,41
14189,Id-480,Montana,MT,-1420000,2710000,46.1,-114.5,No,No,No,,,NorthernRockies,NorthernRockies,0.93601262,0.947931792,0.004385218,56.00198413,41
14192,Id-519,Montana,MT,-1380000,2700000,46.1,-113.9,No,No,No,,,NorthernRockies,NorthernRockies,0.277626257,0.500910004,0.010980678,46.47460317,10
14193,Id-097,Montana,MT,-1360000,2700000,46.1,-113.7,Yes,Yes,Yes,Bait,Lure,NorthernRockies,NorthernRockies,0.483905913,0.649838801,0.006985407,42.70230159,10
14195,Id-544,Montana,MT,-1330000,2690000,46.1,-113.3,No,No,No,,,NorthernRockies,NorthernRockies,0.685747186,0.717868,0.146667937,58.41281746,10
14200,Id-081,Montana,MT,-1260000,2680000,46.1,-112.3,Yes,Yes,Yes,Bait,Lure,NorthernRockies,NorthernRockies,0.500364796,0.523611811,0.086002944,41.45186508,12
14210,Id-418,Montana,MT,-1110000,2650000,46.1,-110.4,No,No,No,,,NorthernRockies,NorthernRockies,0.776109047,0.788264,0.006067407,47.6915873,3
14275,Id-016,Washington,WA,-1980000,2830000,46,-121.8,Yes,Yes,Yes,Bait,Lure,NorthCascades,NorthCascades,0.857176257,0.857152,0.045093692,38.43563688,39
14309,Id-025,Idaho,ID,-1480000,2740000,46.3,-115.2,Yes,Yes,Yes,Lure,Lure,NorthernRockies,NorthernRockies,0.842097249,0.91497634,0.00085223,61.49912698,41
14310,Id-381,Idaho,ID,-1460000,2730000,46.3,-115,No,No,No,,,NorthernRockies,NorthernRockies,0.765502173,0.828032,0.000705154,60.18900794,41
14311,Id-201,Idaho,ID,-1450000,2730000,46.3,-114.8,No,No,No,,,NorthernRockies,NorthernRockies,0.678384655,0.776534212,0.000244346,57.82277778,41
14312,Id-013,Idaho,ID,-1430000,2730000,46.3,-114.6,Yes,Yes,Yes,Bait,Lure,NorthernRockies,NorthernRockies,0.717400481,0.836175345,0.001126696,56.2427381,41
14313,Id-077,Montana,MT,-1420000,2730000,46.3,-114.5,Yes,Yes,Yes,Bait,Lure,NorthernRockies,NorthernRockies,0.925984954,0.97757991,0.002552236,56.8297619,41
14316,Id-360,Montana,MT,-1370000,2720000,46.3,-113.9,No,No,No,,,NorthernRockies,NorthernRockies,0.593355994,0.744254977,0.018856367,49.08813492,10
14317,Id-475,Montana,MT,-1360000,2710000,46.3,-113.7,No,No,No,,,NorthernRockies,NorthernRockies,0.455105146,0.567074268,0.020218928,41.13281746,10
14320,Id-209,Montana,MT,-1310000,2710000,46.3,-113.1,No,No,No,,,NorthernRockies,NorthernRockies,0.856617934,0.925964,0.019772448,48.59456349,12
14334,Id-589,Montana,MT,-1110000,2670000,46.2,-110.4,No,No,No,,,NorthernRockies,NorthernRockies,0.632447516,0.639268,0.00857891,49.63507937,3
14399,Id-569,Washington,WA,-1980000,2840000,46.1,-121.8,No,No,No,,,NorthCascades,NorthCascades,0.514988287,0.516749933,0.070696752,25.55694444,39
14400,Id-582,Washington,WA,-1960000,2840000,46.2,-121.6,No,No,No,,,NorthCascades,NorthCascades,0.65806253,0.666636,0.049392778,34.83400794,39
14401,Id-551,Washington,WA,-1950000,2840000,46.2,-121.4,No,No,No,,,NorthCascades,NorthCascades,0.738472839,0.738493046,0.016823613,34.88293651,39
14432,Id-089,Idaho,ID,-1490000,2750000,46.4,-115.4,Yes,Yes,Yes,Bait,Lure,NorthernRockies,NorthernRockies,0.498891816,0.545766183,0.004071285,46.94777778,5
14433,Id-499,Idaho,ID,-1470000,2750000,46.4,-115.2,No,No,No,,,NorthernRockies,NorthernRockies,0.510425444,0.642014568,0.00930124,52.84984127,5
14434,Id-620,Idaho,ID,-1460000,2750000,46.4,-115,No,No,No,,,NorthernRockies,NorthernRockies,0.57703581,0.785392,0.007264557,47.16067955,41
14435,Id-263,Idaho,ID,-1440000,2750000,46.4,-114.8,No,No,No,,,NorthernRockies,NorthernRockies,0.773172492,0.950688197,0.001769167,49.93992063,41
14436,Id-576,Idaho,ID,-1430000,2740000,46.4,-114.7,No,No,No,,,NorthernRockies,NorthernRockies,0.779047531,0.989488042,0.004686818,53.99416667,41
14437,Id-568,Idaho,ID,-1410000,2740000,46.4,-114.5,No,No,No,,,NorthernRockies,NorthernRockies,0.826408187,0.974307897,0.001310896,56.08738095,41
14444,Id-375,Montana,MT,-1310000,2720000,46.4,-113.1,No,No,No,,,NorthernRockies,NorthernRockies,0.707467367,0.768892,0.02023762,40.52849206,12
14448,Id-425,Montana,MT,-1250000,2710000,46.4,-112.3,No,No,No,,,NorthernRockies,NorthernRockies,0.772453464,0.826656693,0.037749926,41.86007937,12
14522,Id-412,Washington,WA,-1990000,2860000,46.3,-122,No,No,No,,,NorthCascades,NorthCascades,0.536072994,0.536154145,0.0604736,41.22071429,39
14523,Id-252,Washington,WA,-1970000,2860000,46.3,-121.8,No,No,No,,,NorthCascades,NorthCascades,0.721434488,0.741712,0.039446727,36.75031746,39
14524,Id-282,Washington,WA,-1960000,2850000,46.3,-121.6,No,No,No,,,NorthCascades,NorthCascades,0.62156341,0.643892,0.040017267,34.53884921,39
14525,Id-108,Washington,WA,-1940000,2850000,46.3,-121.5,Yes,Yes,No,Bait,Lure,NorthCascades,NorthCascades,0.807224974,0.807236,0.020058568,41.37289683,39
14555,Id-311,Idaho,ID,-1500000,2770000,46.5,-115.6,No,No,No,,,NorthernRockies,NorthernRockies,0.52011313,0.540221839,0.018466376,44.56035714,5
14557,Id-280,Idaho,ID,-1470000,2770000,46.5,-115.2,No,No,No,,,NorthernRockies,NorthernRockies,0.800248793,0.846432614,0.002192241,57.81555556,41
14558,Id-153,Idaho,ID,-1460000,2760000,46.5,-115,Yes,Yes,Yes,Bait,Lure,NorthernRockies,NorthernRockies,0.70036583,0.828399314,0.010590015,51.66813492,41
14559,Id-205,Idaho,ID,-1440000,2760000,46.5,-114.8,No,No,No,,,NorthernRockies,NorthernRockies,0.509269943,0.638104,0.021456295,49.84730159,41
14560,Id-616,Idaho,ID,-1430000,2760000,46.5,-114.7,No,No,No,,,NorthernRockies,NorthernRockies,0.483729955,0.598121608,0.037188865,57.68511905,41
14561,Id-249,Idaho,ID,-1410000,2750000,46.5,-114.5,No,No,No,,,NorthernRockies,NorthernRockies,0.880948677,0.9584,0.012253209,66.02059524,41
14562,Id-463,Montana,MT,-1400000,2750000,46.5,-114.3,No,No,No,,,NorthernRockies,NorthernRockies,0.637923325,0.67995328,0.009727583,53.07015873,41
14648,Id-044,Washington,WA,-1960000,2870000,46.4,-121.7,Yes,Yes,Yes,Bait,Lure,NorthCascades,NorthCascades,0.553085962,0.5531,0.047848132,32.34376984,39
14649,Id-482,Washington,WA,-1940000,2870000,46.4,-121.5,No,No,No,,,NorthCascades,NorthCascades,0.820911039,0.824016,0.017308715,45.63202381,39
14650,Id-172,Washington,WA,-1930000,2860000,46.4,-121.3,Yes,Yes,Yes,Bait,Lure,NorthCascades,NorthCascades,0.62665058,0.63246,0.02064714,47.55980159,39
14680,Id-217,Idaho,ID,-1480000,2780000,46.7,-115.4,No,No,No,,,NorthernRockies,NorthernRockies,0.328288793,0.504162017,0.003625752,44.53833333,5
14681,Id-389,Idaho,ID,-1470000,2780000,46.7,-115.2,No,No,No,,,NorthernRockies,NorthernRockies,0.603189811,0.757788969,0.002591726,58.50922875,41
14682,Id-509,Idaho,ID,-1450000,2780000,46.7,-115,No,No,No,,,NorthernRockies,NorthernRockies,0.421503363,0.594558378,0.002465039,57.26036418,41
14683,Id-606,Idaho,ID,-1440000,2770000,46.7,-114.9,No,No,No,,,NorthernRockies,NorthernRockies,0.873652471,0.938368493,0.001689826,64.33236799,41
14684,Id-141,Idaho,ID,-1420000,2770000,46.7,-114.7,Yes,No,Yes,Lure,Lure,NorthernRockies,NorthernRockies,0.799424335,0.837616,0.025512393,55.77246032,41
14685,Id-342,Montana,MT,-1410000,2770000,46.7,-114.5,No,No,No,,,NorthernRockies,NorthernRockies,0.535634757,0.541444332,0.047886359,53.30111111,41
14686,Id-370,Montana,MT,-1390000,2770000,46.7,-114.3,No,No,No,,,NorthernRockies,NorthernRockies,0.57656704,0.601286405,0.022040683,45.74103175,41
14773,Id-372,Washington,WA,-1940000,2880000,46.6,-121.5,No,No,No,,,NorthCascades,NorthCascades,0.688822077,0.714464,0.014022029,41.12186508,39
14774,Id-188,Washington,WA,-1920000,2880000,46.6,-121.3,No,No,No,,,NorthCascades,NorthCascades,0.480947134,0.510667915,0.071703697,41.31626984,39
14804,Id-084,Idaho,ID,-1480000,2800000,46.8,-115.4,Yes,Yes,Yes,Bait,Lure,NorthernRockies,NorthernRockies,0.404203593,0.505484,0.004688665,47.26051587,5
14805,Id-041,Idaho,ID,-1470000,2790000,46.8,-115.2,Yes,Yes,Yes,Bait,Lure,NorthernRockies,NorthernRockies,0.810988139,0.880996,0.002590742,62.94234127,41
14806,Id-350,Idaho,ID,-1450000,2790000,46.8,-115.1,No,No,No,,,NorthernRockies,NorthernRockies,0.713724173,0.73003384,0.005609193,56.2506746,41
14807,Id-541,Montana,MT,-1440000,2790000,46.8,-114.9,No,No,No,,,NorthernRockies,NorthernRockies,0.897253044,0.965323861,0.001504988,69.90972222,41
14828,Id-243,Montana,MT,-1130000,2730000,46.8,-110.7,No,No,No,,,NorthernRockies,NorthernRockies,0.57622518,0.651705393,0.027778689,50.66527778,11
14829,Id-525,Montana,MT,-1110000,2730000,46.8,-110.5,No,No,No,,,NorthernRockies,NorthernRockies,0.431892183,0.631417474,0.009000557,42.78472222,11
14835,Id-271,Montana,MT,-1020000,2710000,46.8,-109.4,No,No,No,,,NorthernRockies,NorthernRockies,0.557767212,0.602135183,0.003625436,41.7406746,11
14898,Id-491,Washington,WA,-1920000,2890000,46.7,-121.3,No,No,No,,,NorthCascades,NorthCascades,0.771364152,0.803752785,0.02085893,47.77069027,39
14927,Id-164,Idaho,ID,-1490000,2820000,46.9,-115.6,Yes,Yes,Yes,Bait,Lure,NorthernRockies,NorthernRockies,0.486140733,0.629121033,0.001328481,49.61019841,41
14928,Id-467,Idaho,ID,-1480000,2810000,46.9,-115.4,No,No,No,,,NorthernRockies,NorthernRockies,0.72414187,0.810816757,0.001123104,58.76796128,41
14929,Id-346,Idaho,ID,-1460000,2810000,46.9,-115.3,No,No,No,,,NorthernRockies,NorthernRockies,0.894356373,0.957212171,0.002075609,63.4215873,41
14930,Id-148,Idaho,ID,-1450000,2810000,46.9,-115.1,Yes,Yes,Yes,Bait,Lure,NorthernRockies,NorthernRockies,0.985840511,0.993424026,0.003380134,68.91698413,41
14931,Id-555,Montana,MT,-1430000,2800000,46.9,-114.9,No,No,No,,,NorthernRockies,NorthernRockies,0.432362019,0.534481862,0.010417994,50.78565475,41
14951,Id-405,Montana,MT,-1140000,2750000,46.9,-110.9,No,No,No,,,NorthernRockies,NorthernRockies,0.450083633,0.555822223,0.009502419,44.47301587,3
14952,Id-007,Montana,MT,-1120000,2750000,46.9,-110.7,Yes,Yes,Yes,Bait,Lure,NorthernRockies,NorthernRockies,0.603299738,0.695610782,0.031861561,47.2955186,3
14953,Id-630,Montana,MT,-1110000,2740000,46.9,-110.5,No,No,No,,,NorthernRockies,NorthernRockies,0.623299367,0.817389461,0.007101703,41.42650794,3
15019,Id-361,Washington,WA,-1960000,2920000,46.8,-121.9,No,No,No,,,NorthCascades,NorthCascades,0.611781765,0.625545498,0.063687451,34.66490692,39
15020,Id-236,Washington,WA,-1950000,2910000,46.8,-121.7,No,No,No,,,NorthCascades,NorthCascades,0.971439425,0.976008,0.02245328,28.45365079,39
15021,Id-060,Washington,WA,-1930000,2910000,46.8,-121.5,Yes,Yes,Yes,Bait,Lure,NorthCascades,NorthCascades,0.851258713,0.891324869,0.019032241,51.56115079,39
15022,Id-560,Washington,WA,-1920000,2910000,46.8,-121.3,No,No,No,,,NorthCascades,NorthCascades,0.622338548,0.669254677,0.040987174,44.98607143,39
15049,Id-277,Idaho,ID,-1520000,2840000,47.1,-116,No,No,No,,,NorthernRockies,NorthernRockies,0.76904311,0.819064,0.00854264,44.26753968,41
15050,Id-228,Idaho,ID,-1500000,2830000,47.1,-115.8,No,No,No,,,NorthernRockies,NorthernRockies,0.892162919,0.92750058,0.010643467,49.23898124,41
15051,Id-357,Idaho,ID,-1490000,2830000,47.1,-115.6,No,No,No,,,NorthernRockies,NorthernRockies,0.691101759,0.826195305,0.003665697,50.55511905,41
15052,Id-607,Idaho,ID,-1470000,2830000,47.1,-115.5,No,No,No,,,NorthernRockies,NorthernRockies,0.570006659,0.80990076,0.002441077,49.93559524,41
15053,Id-577,Idaho,ID,-1460000,2820000,47.1,-115.3,No,No,No,,,NorthernRockies,NorthernRockies,0.852332343,0.97616,0.002289563,54.72575397,41
15054,Id-288,Montana,MT,-1450000,2820000,47.1,-115.1,No,No,No,,,NorthernRockies,NorthernRockies,0.580247529,0.744570978,0.010908444,52.39734127,41
15060,Id-012,Montana,MT,-1360000,2810000,47.1,-113.9,Yes,Yes,Yes,Bait,Lure,NorthernRockies,NorthernRockies,0.803150581,0.902831611,0.011122017,56.1393254,64
15065,Id-266,Montana,MT,-1280000,2790000,47.1,-112.9,No,No,No,,,NorthernRockies,NorthernRockies,0.481859529,0.566818267,0.047423703,58.58170635,64
15066,Id-017,Montana,MT,-1270000,2790000,47.1,-112.7,Yes,Yes,Yes,Bait,Lure,NorthernRockies,NorthernRockies,0.587397873,0.77000124,0.005231212,52.47444444,64
15144,Id-612,Washington,WA,-1940000,2930000,47,-121.7,No,No,No,,,NorthCascades,NorthCascades,0.801574295,0.841435366,0.021386483,39.28634921,39
15145,Id-293,Washington,WA,-1930000,2930000,47,-121.5,No,No,No,,,NorthCascades,NorthCascades,0.649219996,0.756781946,0.06476978,38.17373016,39
15146,Id-586,Washington,WA,-1910000,2920000,47,-121.3,No,No,No,,,NorthCascades,NorthCascades,0.574512153,0.669752,0.017307142,40.95809524,39
15177,Id-100,Montana,MT,-1460000,2840000,47.2,-115.3,Yes,Yes,Yes,Bait,Lure,NorthernRockies,NorthernRockies,0.552427309,0.619862479,0.012697851,46.8623795,17
15185,Id-262,Montana,MT,-1340000,2820000,47.2,-113.7,No,No,No,,,NorthernRockies,NorthernRockies,0.641724898,0.664488,0.027436778,64.01599206,64
15187,Id-462,Montana,MT,-1310000,2810000,47.2,-113.3,No,No,No,,,NorthernRockies,NorthernRockies,0.806258053,0.915559662,0.006693978,61.37702381,64
15188,Id-200,Montana,MT,-1300000,2810000,47.2,-113.1,No,No,No,,,NorthernRockies,NorthernRockies,0.778109546,0.905596,0.001405355,57.18027778,64
15189,Id-498,Montana,MT,-1280000,2810000,47.2,-112.9,No,No,No,,,NorthernRockies,NorthernRockies,0.673004935,0.889244886,0.000962245,55.92103175,64
15190,Id-300,Montana,MT,-1270000,2800000,47.2,-112.7,No,No,No,,,NorthernRockies,NorthernRockies,0.785556855,0.874016,0.000816056,52.01087302,64
15270,Id-124,Washington,WA,-1910000,2940000,47.1,-121.4,Yes,Yes,Yes,Bait,Lure,NorthCascades,NorthCascades,0.653881369,0.667374669,0.054701217,42.80047619,39
15299,Id-546,Idaho,ID,-1480000,2860000,47.3,-115.7,No,No,No,,,NorthernRockies,NorthernRockies,0.55187749,0.569189723,0.018911696,50.69666667,17
15308,Id-120,Montana,MT,-1350000,2840000,47.4,-113.9,Yes,Yes,No,Bait,,NorthernRockies,NorthernRockies,0.91852097,0.92478,0.004453627,55.44384921,64
15310,Id-076,Montana,MT,-1320000,2830000,47.4,-113.5,Yes,Yes,Yes,Bait,Lure,NorthernRockies,NorthernRockies,0.730525623,0.762736949,0.012658177,61.63055556,64
15311,Id-422,Montana,MT,-1310000,2830000,47.4,-113.3,No,No,No,,,NorthernRockies,NorthernRockies,0.69825759,0.905799623,0.000838591,55.665,64
15312,Id-136,Montana,MT,-1290000,2820000,47.4,-113.1,Yes,Yes,Yes,Lure,Lure,NorthernRockies,NorthernRockies,0.452604073,0.790396838,0.000307125,45.91551587,64
15313,Id-459,Montana,MT,-1280000,2820000,47.4,-112.9,No,No,No,,,NorthernRockies,NorthernRockies,0.791660809,0.995672017,0.001019678,47.5806746,64
15314,Id-072,Montana,MT,-1260000,2820000,47.4,-112.7,Yes,Yes,Yes,Bait,Lure,NorthernRockies,NorthernRockies,0.507604198,0.548794195,0.008291986,48.05087302,64
15394,Id-633,Washington,WA,-1910000,2950000,47.3,-121.4,No,No,No,,,NorthCascades,NorthCascades,0.604259783,0.604271166,0.146763865,41.6847619,39
15423,Id-180,Idaho,ID,-1480000,2870000,47.5,-115.7,Yes,Yes,Yes,Bait,Lure,NorthernRockies,NorthernRockies,0.659384793,0.675268,0.059199501,56.3327381,17
15432,Id-448,Montana,MT,-1350000,2850000,47.5,-113.9,No,No,No,,,NorthernRockies,NorthernRockies,0.790624325,0.806307225,0.005972702,60.8939977,64
15434,Id-248,Montana,MT,-1320000,2840000,47.5,-113.5,No,No,No,,,NorthernRockies,NorthernRockies,0.972780951,0.981091924,0.000561671,62.98162698,64
15435,Id-184,Montana,MT,-1300000,2840000,47.5,-113.3,No,No,No,,,NorthernRockies,NorthernRockies,0.392852596,0.684550738,0.001325192,50.62803983,64
15436,Id-565,Montana,MT,-1290000,2840000,47.5,-113.1,No,No,No,,,NorthernRockies,NorthernRockies,0.742718466,0.916076,0.000560876,52.36629222,64
15437,Id-008,Montana,MT,-1270000,2840000,47.5,-112.9,Yes,Yes,Yes,Bait,Lure,NorthernRockies,NorthernRockies,0.498925134,0.834643339,0.003919003,49.72980159,64
15518,Id-256,Washington,WA,-1910000,2970000,47.4,-121.4,No,No,No,,,NorthCascades,NorthCascades,0.905792699,0.905840377,0.226155811,65.77662698,39
15519,Id-334,Washington,WA,-1890000,2960000,47.4,-121.2,No,No,No,,,NorthCascades,NorthCascades,0.770649136,0.792927172,0.086070908,61.67599206,39
15520,Id-454,Washington,WA,-1880000,2960000,47.4,-121,No,No,No,,,NorthCascades,NorthCascades,0.80621937,0.848648605,0.024233273,56.13503968,39
15521,Id-064,Washington,WA,-1860000,2960000,47.4,-120.8,Yes,Yes,Yes,Bait,Lure,NorthCascades,NorthCascades,0.642953634,0.66612,0.019719233,49.82706349,39
15556,Id-330,Montana,MT,-1350000,2860000,47.6,-113.9,No,No,No,,,NorthernRockies,NorthernRockies,0.548104973,0.579828639,0.022280743,53.83103175,64
15557,Id-528,Montana,MT,-1330000,2860000,47.6,-113.7,No,No,No,,,NorthernRockies,NorthernRockies,0.481802785,0.544413822,0.033831661,49.58051587,64
15558,Id-369,Montana,MT,-1320000,2860000,47.6,-113.5,No,No,No,,,NorthernRockies,NorthernRockies,0.780095767,0.88003696,0.000162829,62.41230159,64
15559,Id-409,Montana,MT,-1300000,2860000,47.6,-113.3,No,No,No,,,NorthernRockies,NorthernRockies,0.372880999,0.576844,0.001297357,59.45146825,64
15560,Id-406,Montana,MT,-1290000,2850000,47.6,-113.1,No,No,No,,,NorthernRockies,NorthernRockies,0.939702338,0.979224083,0.000734214,54.70900794,64
15561,Id-419,Montana,MT,-1270000,2850000,47.6,-112.9,No,No,No,,,NorthernRockies,NorthernRockies,0.232094214,0.503950016,0.014688824,44.34416667,64
15642,Id-414,Washington,WA,-1900000,2980000,47.5,-121.4,No,No,No,,,NorthCascades,NorthCascades,0.767207117,0.775288,0.015358782,55.63702381,39
15643,Id-128,Washington,WA,-1890000,2980000,47.5,-121.2,Yes,Yes,Yes,Bait,Lure,NorthCascades,NorthCascades,0.99857909,0.999028,0.001092983,57.63563492,57
15644,Id-602,Washington,WA,-1870000,2980000,47.5,-121,No,No,No,,,NorthCascades,NorthCascades,0.935150773,0.964155713,0.006637569,58.84059064,57
15645,Id-112,Washington,WA,-1860000,2970000,47.6,-120.8,Yes,Yes,Yes,Bait,Lure,NorthCascades,NorthCascades,0.529317157,0.549298197,0.022529595,55.59980159,39
15673,Id-526,Montana,MT,-1450000,2900000,47.8,-115.3,No,No,No,,,NorthernRockies,NorthernRockies,0.68036453,0.685157259,0.006775226,52.90638889,17
15681,Id-380,Montana,MT,-1330000,2880000,47.8,-113.7,No,No,No,,,NorthernRockies,NorthernRockies,0.702067179,0.768908,0.00774517,54.83130952,64
15682,Id-310,Montana,MT,-1310000,2870000,47.8,-113.5,No,No,No,,,NorthernRockies,NorthernRockies,0.535745694,0.710052,0.00165904,54.00813492,64
15683,Id-088,Montana,MT,-1300000,2870000,47.8,-113.3,Yes,Yes,Yes,Lure,Lure,NorthernRockies,NorthernRockies,0.717503553,0.870276,0.000755754,59.51780256,64
15684,Id-244,Montana,MT,-1280000,2870000,47.8,-113.1,No,No,No,,,NorthernRockies,NorthernRockies,0.902946827,0.987016052,0.000484156,57.25579365,64
15766,Id-192,Washington,WA,-1900000,3000000,47.7,-121.4,No,No,No,,,NorthCascades,NorthCascades,0.67324553,0.6749067,0.055976131,51.2952381,39
15767,Id-404,Washington,WA,-1890000,2990000,47.7,-121.2,No,No,No,,,NorthCascades,NorthCascades,0.606369393,0.618588,0.061115025,46.17891855,39
15768,Id-523,Washington,WA,-1870000,2990000,47.7,-121,No,No,No,,,NorthCascades,NorthCascades,0.891061564,0.931784273,0.02252583,65.50575397,57
15769,Id-324,Washington,WA,-1860000,2990000,47.7,-120.8,No,No,No,,,NorthCascades,NorthCascades,0.621110658,0.639341443,0.02150227,55.58349206,39
15805,Id-619,Montana,MT,-1330000,2890000,47.9,-113.7,No,No,No,,,NorthernRockies,NorthernRockies,0.855301631,0.887128451,0.006606499,63.35634921,64
15807,Id-597,Montana,MT,-1300000,2890000,47.9,-113.3,No,No,No,,,NorthernRockies,NorthernRockies,0.624395987,0.884243537,0.00102051,57.4875,64
15808,Id-168,Montana,MT,-1280000,2880000,47.9,-113.1,Yes,Yes,Yes,Lure,Lure,NorthernRockies,NorthernRockies,0.872073457,0.982795862,0.000744248,60.49988095,64
15809,Id-104,Montana,MT,-1270000,2880000,47.9,-112.9,Yes,Yes,Yes,Bait,Lure,NorthernRockies,NorthernRockies,0.871301808,0.957484,0.003489586,52.61571429,64
15890,Id-533,Washington,WA,-1900000,3010000,47.8,-121.4,No,No,No,,,NorthCascades,NorthCascades,0.506620991,0.506557974,0.104750198,43.14742063,39
15891,Id-629,Washington,WA,-1880000,3010000,47.8,-121.2,No,No,No,,,NorthCascades,NorthCascades,0.662842498,0.663861345,0.044591338,49.48035714,39
15892,Id-240,Washington,WA,-1870000,3010000,47.8,-121.1,No,No,No,,,NorthCascades,NorthCascades,0.827557633,0.832174657,0.047269335,61.4752381,57
15919,Id-486,Montana,MT,-1470000,2930000,48,-115.7,No,No,No,,,NorthernRockies,NorthernRockies,0.519705535,0.53828,0.065160368,51.58488095,17
15928,Id-152,Montana,MT,-1340000,2910000,48,-113.9,Yes,Yes,Yes,Bait,Lure,NorthernRockies,NorthernRockies,0.542245744,0.563306253,0.108009639,60.85797619,6
15929,Id-024,Montana,MT,-1320000,2910000,48,-113.7,Yes,Yes,Yes,Lure,Lure,NorthernRockies,NorthernRockies,0.534599762,0.580136,0.086786335,78.62964286,6
15930,Id-428,Montana,MT,-1310000,2900000,48,-113.5,No,No,No,,,NorthernRockies,NorthernRockies,0.721618073,0.780712,0.00518002,65.44865079,64
15931,Id-440,Montana,MT,-1290000,2900000,48,-113.3,No,No,No,,,NorthernRockies,NorthernRockies,0.871700193,0.92474,0.000256322,61.48253968,64
15932,Id-040,Montana,MT,-1280000,2900000,48,-113.1,Yes,Yes,Yes,Lure,Lure,NorthernRockies,NorthernRockies,0.789653331,0.94759621,0.000615368,56.94130952,64
15933,Id-319,Montana,MT,-1260000,2900000,48,-112.9,No,No,No,,,NorthernRockies,NorthernRockies,0.942834977,0.981160151,0.000859896,54.05027778,64
16014,Id-444,Washington,WA,-1900000,3030000,47.9,-121.5,No,No,No,,,NorthCascades,NorthCascades,0.738997796,0.738978956,0.029655293,51.22337302,57
16015,Id-048,Washington,WA,-1880000,3020000,47.9,-121.3,Yes,Yes,Yes,Lure,Lure,NorthCascades,NorthCascades,0.884407033,0.888812445,0.01197038,58.13305283,57
16016,Id-625,Washington,WA,-1870000,3020000,48,-121.1,No,No,No,,,NorthCascades,NorthCascades,0.965319321,0.968999876,0.004360842,70.51557107,57
16017,Id-176,Washington,WA,-1850000,3020000,48,-120.9,Yes,Yes,Yes,Bait,Lure,NorthCascades,NorthCascades,0.595062606,0.644932,0.014846396,61.19253968,57
16018,Id-599,Washington,WA,-1840000,3020000,48,-120.7,No,No,No,,,NorthCascades,NorthCascades,0.594723013,0.651869215,0.013283585,47.0656746,57
16043,Id-456,Montana,MT,-1470000,2950000,48.2,-115.7,No,No,No,,,NorthernRockies,NorthernRockies,0.646278792,0.730554922,0.013074317,57.66891597,17
16052,Id-593,Montana,MT,-1340000,2920000,48.2,-113.9,No,No,No,,,NorthernRockies,NorthernRockies,0.790436011,0.797036,0.054786665,78.7359127,6
16053,Id-388,Montana,MT,-1320000,2920000,48.2,-113.7,No,No,No,,,NorthernRockies,NorthernRockies,0.592208013,0.614225543,0.123681098,91.86095238,6
16054,Id-508,Montana,MT,-1310000,2920000,48.2,-113.5,No,No,No,,,NorthernRockies,NorthernRockies,0.793016853,0.845852617,0.00465731,65.44008256,64
16055,Id-518,Montana,MT,-1290000,2920000,48.2,-113.3,No,No,No,,,NorthernRockies,NorthernRockies,0.828870405,0.907795631,0.004506114,59.29499742,64
16056,Id-232,Montana,MT,-1280000,2910000,48.2,-113.1,No,No,No,,,NorthernRockies,NorthernRockies,0.976783451,0.991348,0.001197397,54.04150794,64
16138,Id-160,Washington,WA,-1890000,3040000,48.1,-121.5,Yes,Yes,Yes,Bait,Lure,NorthCascades,NorthCascades,0.561195451,0.56500348,0.04847893,44.95261905,57
16139,Id-394,Washington,WA,-1880000,3040000,48.1,-121.3,No,No,No,,,NorthCascades,NorthCascades,0.758531562,0.819412,0.011169459,55.46011905,57
16140,Id-224,Washington,WA,-1860000,3040000,48.1,-121.1,No,No,No,,,NorthCascades,NorthCascades,0.981856158,0.998315993,0.000621053,47.79103175,57
16141,Id-434,Washington,WA,-1850000,3030000,48.1,-120.9,No,No,No,,,NorthCascades,NorthCascades,0.994732025,0.994736021,0.003350321,59.58936508,57
16142,Id-474,Washington,WA,-1830000,3030000,48.1,-120.7,No,No,No,,,NorthCascades,NorthCascades,0.938773348,0.965412,0.000702645,55.21484127,57
16165,Id-337,Idaho,ID,-1490000,2970000,48.3,-116.1,No,No,No,,,NorthernRockies,NorthernRockies,0.778275276,0.826760693,0.007865125,61.34968254,2
16167,Id-132,Montana,MT,-1470000,2960000,48.3,-115.7,Yes,Yes,Yes,Bait,Lure,NorthernRockies,NorthernRockies,0.634665753,0.77466,0.004810957,55.30626984,17
16177,Id-216,Montana,MT,-1320000,2940000,48.3,-113.7,No,No,No,,,NorthernRockies,NorthernRockies,0.654715289,0.743081945,0.027257073,62.44690476,6
16178,Id-623,Montana,MT,-1300000,2930000,48.3,-113.5,No,No,No,,,NorthernRockies,NorthernRockies,0.670852601,0.753652985,0.018863781,57.36972222,64
16179,Id-291,Montana,MT,-1290000,2930000,48.3,-113.3,No,No,No,,,NorthernRockies,NorthernRockies,0.841907069,0.856735427,0.024531617,60.0297619,64
16180,Id-399,Montana,MT,-1270000,2930000,48.3,-113.1,No,No,No,,,NorthernRockies,NorthernRockies,0.518747485,0.534533862,0.019688817,53.07861111,64
16264,Id-513,Washington,WA,-1860000,3050000,48.2,-121.1,No,No,No,,,NorthCascades,NorthCascades,0.63516584,0.832692,0.000984137,54.73285199,57
16265,Id-315,Washington,WA,-1850000,3050000,48.2,-120.9,No,No,No,,,NorthCascades,NorthCascades,0.983364406,0.991184,0.000622694,59.31757937,57
16266,Id-096,Washington,WA,-1830000,3050000,48.2,-120.7,Yes,Yes,Yes,Lure,Lure,NorthCascades,NorthCascades,0.5136858,0.60245359,0.078795388,71.96623016,57
16267,Id-424,Washington,WA,-1820000,3040000,48.3,-120.5,No,No,No,,,NorthCascades,NorthCascades,0.651475717,0.738694955,0.031904062,58.0534127,57
16286,Id-503,Idaho,ID,-1540000,2990000,48.4,-116.7,No,No,No,,,NorthernRockies,NorthernRockies,0.524831516,0.588756,0.049740265,53.41472222,9
16289,Id-603,Idaho,ID,-1490000,2980000,48.4,-116.1,No,No,No,,,NorthernRockies,NorthernRockies,0.640645267,0.825524,0.004977436,58.31083333,2
16301,Id-323,Montana,MT,-1310000,2950000,48.4,-113.7,No,No,No,,,NorthernRockies,NorthernRockies,0.406933801,0.563817745,0.011447542,58.75218254,6
16302,Id-175,Montana,MT,-1300000,2950000,48.4,-113.5,Yes,Yes,Yes,Bait,Lure,NorthernRockies,NorthernRockies,0.978369488,0.989224043,0.000632207,61.19496032,64
16303,Id-056,Montana,MT,-1290000,2940000,48.4,-113.3,Yes,Yes,Yes,Bait,Lure,NorthernRockies,NorthernRockies,0.56941779,0.569442278,0.057447984,58.48551587,64
16387,Id-032,Washington,WA,-1870000,3070000,48.3,-121.3,Yes,Yes,Yes,Lure,Lure,NorthCascades,NorthCascades,0.686290112,0.708985672,0.007134882,48.3618836,57
16388,Id-305,Washington,WA,-1860000,3070000,48.4,-121.1,No,No,No,,,NorthCascades,NorthCascades,0.92882589,0.964391858,0.000556542,52.58313817,57
16389,Id-464,Washington,WA,-1840000,3060000,48.4,-120.9,No,No,No,,,NorthCascades,NorthCascades,0.741957017,0.803408,0.000528394,66.4384127,57
16390,Id-265,Washington,WA,-1830000,3060000,48.4,-120.7,No,No,No,,,NorthCascades,NorthCascades,0.652059292,0.754676981,0.012170008,61.33515873,57
16391,Id-015,Washington,WA,-1810000,3060000,48.4,-120.5,Yes,Yes,Yes,Bait,Lure,NorthCascades,NorthCascades,0.615412147,0.677345419,0.010828692,55.33412698,57
16410,Id-591,Idaho,ID,-1530000,3010000,48.5,-116.7,No,No,No,,,NorthernRockies,NorthernRockies,0.588655325,0.606581574,0.017093862,54.2093254,9
16422,Id-239,Montana,MT,-1360000,2970000,48.6,-114.3,No,No,No,,,NorthernRockies,NorthernRockies,0.620262706,0.666528,0.017602008,65.27892857,64
16425,Id-111,Montana,MT,-1310000,2970000,48.6,-113.7,Yes,Yes,Yes,Bait,Lure,NorthernRockies,NorthernRockies,0.899192262,0.944900441,0.001129601,54.60222222,64
16426,Id-364,Montana,MT,-1300000,2960000,48.6,-113.5,No,No,No,,,NorthernRockies,NorthernRockies,0.968311264,0.97074,0.001352128,55.54884921,64
16512,Id-384,Washington,WA,-1860000,3080000,48.5,-121.1,No,No,No,,,NorthCascades,NorthCascades,0.724803518,0.784756,0.007737379,47.57321478,57
16513,Id-208,Washington,WA,-1840000,3080000,48.5,-120.9,No,No,No,,,NorthCascades,NorthCascades,0.954875287,0.977372,0.00361905,58.09257937,57
16514,Id-080,Washington,WA,-1830000,3070000,48.5,-120.7,Yes,Yes,Yes,Bait,Lure,NorthCascades,NorthCascades,0.983907391,0.997592,0.010192642,63.15984127,57
16515,Id-632,Washington,WA,-1810000,3070000,48.5,-120.5,No,No,No,,,NorthCascades,NorthCascades,0.820883761,0.855392,0.010604289,51.4787559,57
16534,Id-143,Idaho,ID,-1530000,3020000,48.7,-116.7,Yes,Yes,Yes,Bait,Lure,NorthernRockies,NorthernRockies,0.755625654,0.785097719,0.006941622,52.20966141,9
16544,Id-004,Montana,MT,-1380000,2990000,48.7,-114.7,Yes,Yes,Yes,Bait,Lure,NorthernRockies,NorthernRockies,0.674657593,0.684413262,0.027108246,59.2627381,64
16545,Id-453,Montana,MT,-1370000,2990000,48.7,-114.5,No,No,No,,,NorthernRockies,NorthernRockies,0.965379467,0.982891932,0.006832701,65.91231691,64
16548,Id-522,Montana,MT,-1320000,2980000,48.7,-113.9,No,No,No,,,NorthernRockies,NorthernRockies,0.793635649,0.82868,0.004273982,66.93660491,64
16549,Id-443,Montana,MT,-1310000,2980000,48.7,-113.7,No,No,No,,,NorthernRockies,NorthernRockies,0.949597804,0.96000816,0.007835006,59.10468254,64
16550,Id-255,Montana,MT,-1290000,2980000,48.7,-113.5,No,No,No,,,NorthernRockies,NorthernRockies,0.622320095,0.633238533,0.041351791,69.40281746,64
16634,Id-431,Washington,WA,-1880000,3100000,48.6,-121.6,No,No,No,,,NorthCascades,NorthCascades,0.684445977,0.6863,0.012356757,45.60654762,57
16636,Id-543,Washington,WA,-1850000,3090000,48.6,-121.2,No,No,No,,,NorthCascades,NorthCascades,0.601763243,0.668608,0.012159803,49.49170635,57
16637,Id-344,Washington,WA,-1840000,3090000,48.6,-120.9,No,No,No,,,NorthCascades,NorthCascades,0.646880825,0.825432698,0.005543602,54.59630952,57
16638,Id-144,Washington,WA,-1820000,3090000,48.7,-120.7,Yes,Yes,Yes,Bait,Lure,NorthCascades,NorthCascades,0.935644006,0.977824089,0.008448528,61.88238095,57
16639,Id-251,Washington,WA,-1810000,3090000,48.7,-120.5,No,No,No,,,NorthCascades,NorthCascades,0.475003742,0.573246293,0.033456661,56.46666667,57
16640,Id-411,Washington,WA,-1790000,3080000,48.7,-120.3,No,No,No,,,NorthCascades,NorthCascades,0.461343087,0.535321859,0.046144953,50.81630952,57
16642,Id-304,Washington,WA,-1760000,3080000,48.7,-119.9,No,No,No,,,NorthCascades,NorthCascades,0.685840819,0.843336,0.014062696,56.85027778,57
16656,Id-621,Washington,WA,-1560000,3040000,48.8,-117.1,No,No,No,,,NorthernRockies,NorthernRockies,0.523468634,0.682766731,0.023512271,40.22746032,9
16658,Id-433,Idaho,ID,-1530000,3040000,48.8,-116.7,No,No,No,,,NorthernRockies,NorthernRockies,0.856280922,0.891475132,0.002530684,57.0468781,9
16659,Id-268,Idaho,ID,-1510000,3030000,48.8,-116.5,No,No,No,,,NorthernRockies,NorthernRockies,0.509946696,0.63642,0.015968264,49.12011905,9
16668,Id-258,Montana,MT,-1380000,3010000,48.8,-114.7,No,No,No,,,NorthernRockies,NorthernRockies,0.960879545,0.979184,0.00655161,60.47642857,64
16669,Id-403,Montana,MT,-1370000,3010000,48.8,-114.5,No,No,No,,,NorthernRockies,NorthernRockies,0.638160264,0.713546854,0.011498526,58.71821429,64
16671,Id-063,Montana,MT,-1340000,3000000,48.9,-114.1,Yes,Yes,Yes,Bait,Lure,NorthernRockies,NorthernRockies,0.786876832,0.81005124,0.000505699,63.22984127,64
16672,Id-127,Montana,MT,-1320000,3000000,48.9,-113.9,Yes,Yes,No,Bait,,NorthernRockies,NorthernRockies,1,1,0.000345921,68.62936508,64
16673,Id-191,Montana,MT,-1310000,2990000,48.9,-113.7,No,No,No,,,NorthernRockies,NorthernRockies,0.92495329,0.932231729,0.01189287,53.90619048,64
16756,Id-140,Washington,WA,-1910000,3120000,48.7,-122,Yes,Yes,Yes,Bait,Lure,NorthCascades,NorthCascades,0.753875092,0.779131117,0.020655853,35.45003968,57
16757,Id-471,Washington,WA,-1890000,3120000,48.7,-121.8,No,No,No,,,NorthCascades,NorthCascades,0.735141177,0.753627015,0.044263779,39.10194444,57
16758,Id-156,Washington,WA,-1880000,3110000,48.7,-121.6,Yes,Yes,Yes,Lure,Lure,NorthCascades,NorthCascades,0.586967737,0.660216,0.062983123,58.22880952,57
16759,Id-092,Washington,WA,-1860000,3110000,48.8,-121.4,Yes,Yes,Yes,Lure,Lure,NorthCascades,NorthCascades,0.835327841,0.85994456,0.001041878,54.56742063,57
16760,Id-501,Washington,WA,-1850000,3110000,48.8,-121.2,No,No,No,,,NorthCascades,NorthCascades,0.572431197,0.629237034,0.025636677,61.25865079,57
16761,Id-341,Washington,WA,-1840000,3110000,48.8,-121,No,No,No,,,NorthCascades,NorthCascades,0.539602629,0.642066568,0.085077128,68.8022619,57
16762,Id-393,Washington,WA,-1820000,3100000,48.8,-120.8,No,No,No,,,NorthCascades,NorthCascades,0.893581273,0.945919784,0.008837628,61.60115079,57
16763,Id-047,Washington,WA,-1810000,3100000,48.8,-120.6,Yes,Yes,Yes,Lure,Lure,NorthCascades,NorthCascades,0.964178014,0.988199953,0.00510613,52.42103175,57
16764,Id-512,Washington,WA,-1790000,3100000,48.8,-120.4,No,No,No,,,NorthCascades,NorthCascades,0.853963868,0.94736,0.010542467,50.9054231,57
16765,Id-595,Washington,WA,-1780000,3100000,48.8,-120.2,No,No,No,,,NorthCascades,NorthCascades,0.609225901,0.838188,0.007093338,53.53246032,57
16766,Id-079,Washington,WA,-1760000,3090000,48.8,-120,Yes,Yes,Yes,Bait,Lure,NorthCascades,NorthCascades,0.51612063,0.630065041,0.015148517,53.64492063,57
16780,Id-031,Washington,WA,-1550000,3060000,48.9,-117.1,Yes,Yes,Yes,Bait,Lure,NorthernRockies,NorthernRockies,0.607634213,0.805552,0.009885784,59.74753968,9
16781,Id-207,Idaho,ID,-1540000,3050000,48.9,-116.9,No,No,No,,,NorthernRockies,NorthernRockies,0.755528133,0.80251042,0.004025296,71.18463125,9
16782,Id-383,Idaho,ID,-1530000,3050000,48.9,-116.7,No,No,No,,,NorthernRockies,NorthernRockies,0.674180315,0.709705161,0.004752554,79.15400794,9
16791,Id-573,Montana,MT,-1390000,3030000,49,-114.9,No,No,No,,,NorthernRockies,NorthernRockies,0.784459443,0.803503214,0.010849657,128.1946032,64
16792,Id-068,Montana,MT,-1380000,3020000,49,-114.7,Yes,Yes,Yes,Bait,Lure,NorthernRockies,NorthernRockies,0.94463857,0.947916,0.004708754,134.7775,64
16794,Id-295,Montana,MT,-1350000,3020000,49,-114.3,No,No,No,,,NorthernRockies,NorthernRockies,0.528826623,0.554875561,0.000821507,140.6209921,64
16795,Id-532,Montana,MT,-1330000,3010000,49,-114.1,No,No,No,,,NorthernRockies,NorthernRockies,0.971278766,0.979364083,0.000697357,141.0379365,64
16796,Id-374,Montana,MT,-1320000,3010000,49,-113.9,No,No,No,,,NorthernRockies,NorthernRockies,0.907634972,0.922031688,0.001671614,148.8238095,64
16797,Id-494,Montana,MT,-1300000,3010000,49,-113.7,No,No,No,,,NorthernRockies,NorthernRockies,0.763523494,0.76584,0.00401626,140.0738889,64
16881,Id-352,Washington,WA,-1890000,3130000,48.9,-121.8,No,No,No,,,NorthCascades,NorthCascades,0.689478714,0.818635275,0.026041257,45.75992063,57
16882,Id-028,Washington,WA,-1880000,3130000,48.9,-121.6,Yes,Yes,Yes,Bait,Lure,NorthCascades,NorthCascades,0.874527145,0.9625,0.01532046,52.2381746,57
16883,Id-273,Washington,WA,-1860000,3130000,48.9,-121.4,No,No,No,,,NorthCascades,NorthCascades,0.887456584,0.966744,0.000552184,53.00992063,57
16884,Id-204,Washington,WA,-1850000,3120000,48.9,-121.2,No,No,No,,,NorthCascades,NorthCascades,0.695509121,0.850112,0.009718812,59.44813492,57
16885,Id-540,Washington,WA,-1830000,3120000,48.9,-121,No,No,No,,,NorthCascades,NorthCascades,0.434907131,0.518899849,0.092394699,67.32,57
16886,Id-223,Washington,WA,-1820000,3120000,48.9,-120.8,No,No,No,,,NorthCascades,NorthCascades,0.880430542,0.970532,0.001686267,62.20162698,57
16887,Id-285,Washington,WA,-1800000,3120000,48.9,-120.6,No,No,No,,,NorthCascades,NorthCascades,0.527844879,0.808812,0.008606162,61.85880952,57
16888,Id-159,Washington,WA,-1790000,3110000,48.9,-120.4,Yes,Yes,Yes,Lure,Lure,NorthCascades,NorthCascades,0.884851373,0.960012,0.010897763,78.84440122,57
16889,Id-314,Washington,WA,-1770000,3110000,49,-120.2,No,No,No,,,NorthCascades,NorthCascades,0.930179084,0.9831,0.011675956,92.74657833,57
16890,Id-095,Washington,WA,-1760000,3110000,49,-120,Yes,Yes,Yes,Lure,Lure,NorthCascades,NorthCascades,0.860298616,0.890516,0.008792625,105.9259524,57
17005,Id-609,Washington,WA,-1890000,3150000,49,-121.8,No,No,No,,,NorthCascades,NorthCascades,0.63993238,0.655784,0.015586686,163.6263492,57
17006,Id-220,Washington,WA,-1870000,3140000,49,-121.6,No,No,No,,,NorthCascades,NorthCascades,0.721566696,0.740905036,0.006446229,185.0126984,57
10360,Id-570,Utah,UT,-1280000,2210000,42,-111.6,No,No,No,,,NorthernRockies,NorthernRockies,0.737266802,0.866033072,0.029544939,61.24956349,3
10484,Id-413,Idaho,ID,-1280000,2230000,42.1,-111.6,No,No,No,,,NorthernRockies,NorthernRockies,0.518391874,0.562842251,0.057813693,59.58126984,3
11827,Id-001,Idaho,ID,-1560000,2450000,43.6,-115.5,Yes,Yes,No,Bait,,NorthernRockies,NorthernRockies,0.253814114,0.322668,0.028503213,46.65202381,4
11828,Id-495,Idaho,ID,-1550000,2440000,43.6,-115.3,No,No,No,,,NorthernRockies,NorthernRockies,0.250594191,0.414828681,0.030410173,49.01551156,4
11951,Id-335,Idaho,ID,-1560000,2460000,43.7,-115.5,No,No,No,,,NorthernRockies,NorthernRockies,0.283958871,0.457096,0.001777463,45.6097619,4
11952,Id-129,Idaho,ID,-1540000,2460000,43.7,-115.3,Yes,Yes,Yes,Bait,Bait,NorthernRockies,NorthernRockies,0.401400849,0.497628,0.007430727,50.13329365,4
12459,Id-162,Idaho,ID,-1370000,2490000,44.3,-113.3,Yes,Yes,Yes,Bait,Lure,NorthernRockies,NorthernRockies,0.203644644,0.358221433,0.017189383,23.37543651,24
12460,Id-356,Idaho,ID,-1350000,2480000,44.3,-113.1,No,No,No,,,NorthernRockies,NorthernRockies,0.394941813,0.447190211,0.02439634,34.03484127,24
12586,Id-514,Idaho,ID,-1320000,2490000,44.4,-112.7,No,No,No,,,NorthernRockies,NorthernRockies,0.334536139,0.445302219,0.016236165,40.07079365,4
12708,Id-483,Idaho,ID,-1350000,2510000,44.5,-113.1,No,No,No,,,NorthernRockies,NorthernRockies,0.28726232,0.436148,0.009558621,38.30365578,24
12710,Id-237,Montana,MT,-1320000,2510000,44.5,-112.7,No,No,No,,,NorthernRockies,NorthernRockies,0.181608104,0.315089479,0.019235619,40.69316874,4
12711,Id-402,Montana,MT,-1300000,2510000,44.5,-112.5,No,No,No,,,NorthernRockies,NorthernRockies,0.371788737,0.454048,0.010053455,47.27162698,4
12713,Id-353,Idaho,ID,-1280000,2500000,44.5,-112.2,No,No,No,,,NorthernRockies,NorthernRockies,0.325181929,0.346882775,0.03779656,51.91722222,7
12832,Id-322,Idaho,ID,-1350000,2530000,44.7,-113.1,No,No,No,,,NorthernRockies,NorthernRockies,0.274661412,0.494843959,0.009532842,43.26400794,24
12841,Id-219,Idaho,ID,-1210000,2500000,44.6,-111.4,No,No,No,,,NorthernRockies,NorthernRockies,0.28203731,0.412629651,0.192925991,79.92607143,6
12954,Id-407,Idaho,ID,-1370000,2550000,44.8,-113.5,No,No,No,,,NorthernRockies,NorthernRockies,0.082029052,0.196216,0.073589675,28.81154762,24
12955,Id-109,Idaho,ID,-1360000,2550000,44.8,-113.3,Yes,Yes,Yes,Bait,Lure,NorthernRockies,NorthernRockies,0.20549405,0.303354787,0.020939966,42.06930497,24
13078,Id-045,Montana,MT,-1370000,2560000,44.9,-113.5,Yes,Yes,Yes,Bait,Lure,NorthernRockies,NorthernRockies,0.231635586,0.348554606,0.030869643,43.40916667,24
13107,Id-613,Wyoming,WY,-940000,2490000,44.8,-108,No,No,No,,,NorthernRockies,NorthernRockies,0.332663639,0.493856,0.025879082,34.53884921,16
13199,Id-614,Idaho,ID,-1410000,2590000,45.1,-114,No,No,No,,,NorthernRockies,NorthernRockies,0.345830672,0.365293461,0.015620773,40.36507937,6
13323,Id-113,Idaho,ID,-1410000,2600000,45.2,-114.1,Yes,Yes,Yes,Bait,Lure,NorthernRockies,NorthernRockies,0.439366003,0.454428,0.03337031,42.42095026,6
13446,Id-161,Idaho,ID,-1420000,2620000,45.3,-114.2,Yes,Yes,Yes,Bait,Lure,NorthernRockies,NorthernRockies,0.13945261,0.236048,0.008252567,37.27238095,6
13447,Id-584,Idaho,ID,-1410000,2620000,45.3,-114.1,No,No,No,,,NorthernRockies,NorthernRockies,0.290547869,0.291310835,0.017530573,37.71380952,6
13570,Id-610,Idaho,ID,-1420000,2630000,45.5,-114.2,No,No,No,,,NorthernRockies,NorthernRockies,0.158439212,0.340593362,0.008148209,40.63821429,6
13694,Id-233,Montana,MT,-1420000,2650000,45.6,-114.2,No,No,No,,,NorthernRockies,NorthernRockies,0.067033235,0.374721002,0.026972656,40.32464286,6
13959,Id-575,Montana,MT,-1160000,2630000,45.8,-111,No,No,No,,,NorthernRockies,NorthernRockies,0.29620156,0.349056,0.140513929,53.3775,11
14083,Id-326,Montana,MT,-1160000,2650000,46,-111,No,No,No,,,NorthernRockies,NorthernRockies,0.202763605,0.263624,0.035926917,53.96043651,11
14086,Id-615,Montana,MT,-1110000,2640000,46,-110.4,No,No,No,,,NorthernRockies,NorthernRockies,0.447116042,0.448757795,0.04994115,52.5281746,3
14454,Id-446,Montana,MT,-1160000,2690000,46.4,-111.1,No,No,No,,,NorthernRockies,NorthernRockies,0.225843529,0.24995,0.047979007,46.22722222,11
14577,Id-115,Montana,MT,-1180000,2710000,46.5,-111.3,Yes,Yes,Yes,Bait,Lure,NorthernRockies,NorthernRockies,0.309942603,0.487496,0.035320897,45.68849206,11
14706,Id-299,Montana,MT,-1100000,2710000,46.6,-110.4,No,No,No,,,NorthernRockies,NorthernRockies,0.160425997,0.204645637,0.038783982,34.32468254,11
14707,Id-071,Montana,MT,-1080000,2710000,46.6,-110.2,Yes,Yes,Yes,Bait,Lure,NorthernRockies,NorthernRockies,0.138674514,0.205116,0.061969437,28.94456349,11
14830,Id-179,Montana,MT,-1100000,2730000,46.8,-110.4,Yes,Yes,Yes,Bait,Lure,NorthernRockies,NorthernRockies,0.118696755,0.143860575,0.026188782,26.45869048,11
14831,Id-600,Montana,MT,-1080000,2720000,46.8,-110.2,No,No,No,,,NorthernRockies,NorthernRockies,0.398035073,0.407212,0.03319103,35.91257937,11
15176,Id-580,Idaho,ID,-1470000,2840000,47.2,-115.5,No,No,No,,,NorthernRockies,NorthernRockies,0.418787942,0.498246007,0.015906401,43.58996032,17
15180,Id-052,Montana,MT,-1410000,2830000,47.2,-114.7,Yes,Yes,Yes,Bait,Lure,NorthernRockies,NorthernRockies,0.287742685,0.290448,0.022741365,51.51972222,2
15181,Id-397,Montana,MT,-1400000,2830000,47.2,-114.5,No,No,No,,,NorthernRockies,NorthernRockies,0.260512988,0.292021168,0.020029927,47.74980159,2
15297,Id-212,Idaho,ID,-1510000,2860000,47.3,-116.1,No,No,No,,,NorthernRockies,NorthernRockies,0.394375127,0.394338423,0.026162367,44.05757937,17
15298,Id-036,Idaho,ID,-1500000,2860000,47.3,-115.9,Yes,Yes,Yes,Bait,Lure,NorthernRockies,NorthernRockies,0.439120868,0.443618226,0.015118955,53.30396318,17
15300,Id-476,Montana,MT,-1470000,2860000,47.3,-115.5,No,No,No,,,NorthernRockies,NorthernRockies,0.443707404,0.457329829,0.042961753,46.04706349,17
15421,Id-116,Idaho,ID,-1510000,2880000,47.5,-116.1,Yes,Yes,Yes,Bait,Lure,NorthernRockies,NorthernRockies,0.435513662,0.435518258,0.102728169,39.65787281,17
15422,Id-327,Idaho,ID,-1500000,2880000,47.5,-115.9,No,No,No,,,NorthernRockies,NorthernRockies,0.474050642,0.474281897,0.103302693,47.10911761,17
16415,Id-196,Montana,MT,-1460000,2990000,48.6,-115.7,No,No,No,,,NorthernRockies,NorthernRockies,0.336020494,0.409924,0.02181411,51.04769841,17
16664,Id-572,Montana,MT,-1440000,3020000,48.8,-115.5,No,No,No,,,NorthernRockies,NorthernRockies,0.368656372,0.388264,0.007689406,51.90373016,17
16785,Id-535,Idaho,ID,-1480000,3040000,49,-116.1,No,No,No,,,NorthernRockies,NorthernRockies,0.366286112,0.369814521,0.037758204,91.40392857,17
16786,Id-020,Montana,MT,-1470000,3040000,49,-115.9,Yes,Yes,Yes,Bait,Lure,NorthernRockies,NorthernRockies,0.45403716,0.485889944,0.005120989,93.96126984,17
